sample_name,source_name,Strain,sex,age
DGRP_Line_105_Female_SAMN22426895,DGRP Line 105 Female,DGRP_105,female,adult
DGRP_Line_105_Female_SAMN22426896,DGRP Line 105 Female,DGRP_105,female,adult
DGRP_Line_105_Male_SAMN22426897,DGRP Line 105 Male,DGRP_105,male,adult
DGRP_Line_105_Male_SAMN22426898,DGRP Line 105 Male,DGRP_105,male,adult
DGRP_Line_129_Female_SAMN22426899,DGRP Line 129 Female,DGRP_129,female,adult
DGRP_Line_129_Female_SAMN22426900,DGRP Line 129 Female,DGRP_129,female,adult
DGRP_Line_129_Male_SAMN22426901,DGRP Line 129 Male,DGRP_129,male,adult
DGRP_Line_129_Male_SAMN22426902,DGRP Line 129 Male,DGRP_129,male,adult
DGRP_Line_142_Female_SAMN22426903,DGRP Line 142 Female,DGRP_142,female,adult
DGRP_Line_142_Female_SAMN22426909,DGRP Line 142 Female,DGRP_142,female,adult
DGRP_Line_142_Male_SAMN22426910,DGRP Line 142 Male,DGRP_142,male,adult
DGRP_Line_142_Male_SAMN22426911,DGRP Line 142 Male,DGRP_142,male,adult
DGRP_Line_153_Female_SAMN22426904,DGRP Line 153 Female,DGRP_153,female,adult
DGRP_Line_153_Female_SAMN22426905,DGRP Line 153 Female,DGRP_153,female,adult
DGRP_Line_153_Male_SAMN22426906,DGRP Line 153 Male,DGRP_153,male,adult
DGRP_Line_153_Male_SAMN22426907,DGRP Line 153 Male,DGRP_153,male,adult
DGRP_Line_158_Female_SAMN22426908,DGRP Line 158 Female,DGRP_158,female,adult
DGRP_Line_158_Female_SAMN22426912,DGRP Line 158 Female,DGRP_158,female,adult
DGRP_Line_158_Male_SAMN22426913,DGRP Line 158 Male,DGRP_158,male,adult
DGRP_Line_158_Male_SAMN22426914,DGRP Line 158 Male,DGRP_158,male,adult
DGRP_Line_176_Female_SAMN22426915,DGRP Line 176 Female,DGRP_176,female,adult
DGRP_Line_176_Female_SAMN22426916,DGRP Line 176 Female,DGRP_176,female,adult
DGRP_Line_176_Male_SAMN22426917,DGRP Line 176 Male,DGRP_176,male,adult
DGRP_Line_176_Male_SAMN22426918,DGRP Line 176 Male,DGRP_176,male,adult
DGRP_Line_177_Female_SAMN22426919,DGRP Line 177 Female,DGRP_177,female,adult
DGRP_Line_177_Female_SAMN22426920,DGRP Line 177 Female,DGRP_177,female,adult
DGRP_Line_177_Male_SAMN22426921,DGRP Line 177 Male,DGRP_177,male,adult
DGRP_Line_177_Male_SAMN22426922,DGRP Line 177 Male,DGRP_177,male,adult
DGRP_Line_181_Female_SAMN22426923,DGRP Line 181 Female,DGRP_181,female,adult
DGRP_Line_181_Female_SAMN22426924,DGRP Line 181 Female,DGRP_181,female,adult
DGRP_Line_181_Male_SAMN22426925,DGRP Line 181 Male,DGRP_181,male,adult
DGRP_Line_181_Male_SAMN22426926,DGRP Line 181 Male,DGRP_181,male,adult
DGRP_Line_195_Female_SAMN22426927,DGRP Line 195 Female,DGRP_195,female,adult
DGRP_Line_195_Female_SAMN22426928,DGRP Line 195 Female,DGRP_195,female,adult
DGRP_Line_195_Male_SAMN22426929,DGRP Line 195 Male,DGRP_195,male,adult
DGRP_Line_195_Male_SAMN22426930,DGRP Line 195 Male,DGRP_195,male,adult
DGRP_Line_208_Female_SAMN22426931,DGRP Line 208 Female,DGRP_208,female,adult
DGRP_Line_208_Female_SAMN22426932,DGRP Line 208 Female,DGRP_208,female,adult
DGRP_Line_208_Male_SAMN22426933,DGRP Line 208 Male,DGRP_208,male,adult
DGRP_Line_208_Male_SAMN22426934,DGRP Line 208 Male,DGRP_208,male,adult
DGRP_Line_217_Female_SAMN22426935,DGRP Line 217 Female,DGRP_217,female,adult
DGRP_Line_217_Female_SAMN22426936,DGRP Line 217 Female,DGRP_217,female,adult
DGRP_Line_217_Male_SAMN22426937,DGRP Line 217 Male,DGRP_217,male,adult
DGRP_Line_217_Male_SAMN22426938,DGRP Line 217 Male,DGRP_217,male,adult
DGRP_Line_228_Female_SAMN22426939,DGRP Line 228 Female,DGRP_228,female,adult
DGRP_Line_228_Female_SAMN22426940,DGRP Line 228 Female,DGRP_228,female,adult
DGRP_Line_228_Male_SAMN22426941,DGRP Line 228 Male,DGRP_228,male,adult
DGRP_Line_228_Male_SAMN22426942,DGRP Line 228 Male,DGRP_228,male,adult
DGRP_Line_229_Female_SAMN22426943,DGRP Line 229 Female,DGRP_229,female,adult
DGRP_Line_229_Female_SAMN22426944,DGRP Line 229 Female,DGRP_229,female,adult
DGRP_Line_229_Male_SAMN22426945,DGRP Line 229 Male,DGRP_229,male,adult
DGRP_Line_229_Male_SAMN22426946,DGRP Line 229 Male,DGRP_229,male,adult
DGRP_Line_239_Female_SAMN22426947,DGRP Line 239 Female,DGRP_239,female,adult
DGRP_Line_239_Female_SAMN22426948,DGRP Line 239 Female,DGRP_239,female,adult
DGRP_Line_239_Male_SAMN22427026,DGRP Line 239 Male,DGRP_239,male,adult
DGRP_Line_239_Male_SAMN22427027,DGRP Line 239 Male,DGRP_239,male,adult
DGRP_Line_280_Female_SAMN22427028,DGRP Line 280 Female,DGRP_280,female,adult
DGRP_Line_280_Female_SAMN22427029,DGRP Line 280 Female,DGRP_280,female,adult
DGRP_Line_280_Male_SAMN22427030,DGRP Line 280 Male,DGRP_280,male,adult
DGRP_Line_280_Male_SAMN22427031,DGRP Line 280 Male,DGRP_280,male,adult
DGRP_Line_287_Female_SAMN22427032,DGRP Line 287 Female,DGRP_287,female,adult
DGRP_Line_287_Female_SAMN22427033,DGRP Line 287 Female,DGRP_287,female,adult
DGRP_Line_287_Male_SAMN22427034,DGRP Line 287 Male,DGRP_287,male,adult
DGRP_Line_287_Male_SAMN22427035,DGRP Line 287 Male,DGRP_287,male,adult
DGRP_Line_28_Female_SAMN22427036,DGRP Line 28 Female,DGRP_28,female,adult
DGRP_Line_28_Female_SAMN22427037,DGRP Line 28 Female,DGRP_28,female,adult
DGRP_Line_28_Male_SAMN22427038,DGRP Line 28 Male,DGRP_28,male,adult
DGRP_Line_28_Male_SAMN22427039,DGRP Line 28 Male,DGRP_28,male,adult
DGRP_Line_306_Female_SAMN22427040,DGRP Line 306 Female,DGRP_306,female,adult
DGRP_Line_306_Female_SAMN22427041,DGRP Line 306 Female,DGRP_306,female,adult
DGRP_Line_306_Male_SAMN22427042,DGRP Line 306 Male,DGRP_306,male,adult
DGRP_Line_306_Male_SAMN22427045,DGRP Line 306 Male,DGRP_306,male,adult
DGRP_Line_313_Female_SAMN22427046,DGRP Line 313 Female,DGRP_313,female,adult
DGRP_Line_313_Female_SAMN22427047,DGRP Line 313 Female,DGRP_313,female,adult
DGRP_Line_313_Male_SAMN22427048,DGRP Line 313 Male,DGRP_313,male,adult
DGRP_Line_313_Male_SAMN22427049,DGRP Line 313 Male,DGRP_313,male,adult
DGRP_Line_315_Female_SAMN22427050,DGRP Line 315 Female,DGRP_315,female,adult
DGRP_Line_315_Female_SAMN22427043,DGRP Line 315 Female,DGRP_315,female,adult
DGRP_Line_315_Male_SAMN22427044,DGRP Line 315 Male,DGRP_315,male,adult
DGRP_Line_315_Male_SAMN22427051,DGRP Line 315 Male,DGRP_315,male,adult
DGRP_Line_318_Female_SAMN22427052,DGRP Line 318 Female,DGRP_318,female,adult
DGRP_Line_318_Female_SAMN22427053,DGRP Line 318 Female,DGRP_318,female,adult
DGRP_Line_318_Male_SAMN22427054,DGRP Line 318 Male,DGRP_318,male,adult
DGRP_Line_318_Male_SAMN22427055,DGRP Line 318 Male,DGRP_318,male,adult
DGRP_Line_320_Female_SAMN22426829,DGRP Line 320 Female,DGRP_320,female,adult
DGRP_Line_320_Female_SAMN22426830,DGRP Line 320 Female,DGRP_320,female,adult
DGRP_Line_320_Male_SAMN22426831,DGRP Line 320 Male,DGRP_320,male,adult
DGRP_Line_320_Male_SAMN22426833,DGRP Line 320 Male,DGRP_320,male,adult
DGRP_Line_324_Female_SAMN22426834,DGRP Line 324 Female,DGRP_324,female,adult
DGRP_Line_324_Female_SAMN22426836,DGRP Line 324 Female,DGRP_324,female,adult
DGRP_Line_324_Male_SAMN22426838,DGRP Line 324 Male,DGRP_324,male,adult
DGRP_Line_324_Male_SAMN22426840,DGRP Line 324 Male,DGRP_324,male,adult
DGRP_Line_335_Female_SAMN22426841,DGRP Line 335 Female,DGRP_335,female,adult
DGRP_Line_335_Female_SAMN22426842,DGRP Line 335 Female,DGRP_335,female,adult
DGRP_Line_335_Male_SAMN22426843,DGRP Line 335 Male,DGRP_335,male,adult
DGRP_Line_335_Male_SAMN22426844,DGRP Line 335 Male,DGRP_335,male,adult
DGRP_Line_340_Female_SAMN22426846,DGRP Line 340 Female,DGRP_340,female,adult
DGRP_Line_340_Female_SAMN22426847,DGRP Line 340 Female,DGRP_340,female,adult
DGRP_Line_340_Male_SAMN22426849,DGRP Line 340 Male,DGRP_340,male,adult
DGRP_Line_340_Male_SAMN22426851,DGRP Line 340 Male,DGRP_340,male,adult
DGRP_Line_355_Female_SAMN22426852,DGRP Line 355 Female,DGRP_355,female,adult
DGRP_Line_355_Female_SAMN22426853,DGRP Line 355 Female,DGRP_355,female,adult
DGRP_Line_355_Male_SAMN22426854,DGRP Line 355 Male,DGRP_355,male,adult
DGRP_Line_355_Male_SAMN22426855,DGRP Line 355 Male,DGRP_355,male,adult
DGRP_Line_358_Female_SAMN22426856,DGRP Line 358 Female,DGRP_358,female,adult
DGRP_Line_358_Female_SAMN22426857,DGRP Line 358 Female,DGRP_358,female,adult
DGRP_Line_358_Male_SAMN22426865,DGRP Line 358 Male,DGRP_358,male,adult
DGRP_Line_358_Male_SAMN22426858,DGRP Line 358 Male,DGRP_358,male,adult
DGRP_Line_360_Female_SAMN22426859,DGRP Line 360 Female,DGRP_360,female,adult
DGRP_Line_360_Female_SAMN22426860,DGRP Line 360 Female,DGRP_360,female,adult
DGRP_Line_360_Male_SAMN22426861,DGRP Line 360 Male,DGRP_360,male,adult
DGRP_Line_360_Male_SAMN22426862,DGRP Line 360 Male,DGRP_360,male,adult
DGRP_Line_362_Female_SAMN22426863,DGRP Line 362 Female,DGRP_362,female,adult
DGRP_Line_362_Female_SAMN22426864,DGRP Line 362 Female,DGRP_362,female,adult
DGRP_Line_362_Male_SAMN22426866,DGRP Line 362 Male,DGRP_362,male,adult
DGRP_Line_362_Male_SAMN22426867,DGRP Line 362 Male,DGRP_362,male,adult
DGRP_Line_365_Female_SAMN22426868,DGRP Line 365 Female,DGRP_365,female,adult
DGRP_Line_365_Female_SAMN22426869,DGRP Line 365 Female,DGRP_365,female,adult
DGRP_Line_365_Male_SAMN22426870,DGRP Line 365 Male,DGRP_365,male,adult
DGRP_Line_365_Male_SAMN22426871,DGRP Line 365 Male,DGRP_365,male,adult
DGRP_Line_367_Female_SAMN22426872,DGRP Line 367 Female,DGRP_367,female,adult
DGRP_Line_367_Female_SAMN22426873,DGRP Line 367 Female,DGRP_367,female,adult
DGRP_Line_367_Male_SAMN22426874,DGRP Line 367 Male,DGRP_367,male,adult
DGRP_Line_367_Male_SAMN22426875,DGRP Line 367 Male,DGRP_367,male,adult
DGRP_Line_370_Female_SAMN22426876,DGRP Line 370 Female,DGRP_370,female,adult
DGRP_Line_370_Female_SAMN22426877,DGRP Line 370 Female,DGRP_370,female,adult
DGRP_Line_370_Male_SAMN22426878,DGRP Line 370 Male,DGRP_370,male,adult
DGRP_Line_370_Male_SAMN22426879,DGRP Line 370 Male,DGRP_370,male,adult
DGRP_Line_371_Female_SAMN22426880,DGRP Line 371 Female,DGRP_371,female,adult
DGRP_Line_371_Female_SAMN22426881,DGRP Line 371 Female,DGRP_371,female,adult
DGRP_Line_371_Male_SAMN22426882,DGRP Line 371 Male,DGRP_371,male,adult
DGRP_Line_371_Male_SAMN22426883,DGRP Line 371 Male,DGRP_371,male,adult
DGRP_Line_374_Female_SAMN22426884,DGRP Line 374 Female,DGRP_374,female,adult
DGRP_Line_374_Female_SAMN22426885,DGRP Line 374 Female,DGRP_374,female,adult
DGRP_Line_374_Male_SAMN22426886,DGRP Line 374 Male,DGRP_374,male,adult
DGRP_Line_374_Male_SAMN22426887,DGRP Line 374 Male,DGRP_374,male,adult
DGRP_Line_375_Female_SAMN22426888,DGRP Line 375 Female,DGRP_375,female,adult
DGRP_Line_375_Female_SAMN22426889,DGRP Line 375 Female,DGRP_375,female,adult
DGRP_Line_375_Male_SAMN22426890,DGRP Line 375 Male,DGRP_375,male,adult
DGRP_Line_375_Male_SAMN22426891,DGRP Line 375 Male,DGRP_375,male,adult
DGRP_Line_379_Female_SAMN22426892,DGRP Line 379 Female,DGRP_379,female,adult
DGRP_Line_379_Female_SAMN22426893,DGRP Line 379 Female,DGRP_379,female,adult
DGRP_Line_379_Male_SAMN22426894,DGRP Line 379 Male,DGRP_379,male,adult
DGRP_Line_379_Male_SAMN22427216,DGRP Line 379 Male,DGRP_379,male,adult
DGRP_Line_380_Female_SAMN22427217,DGRP Line 380 Female,DGRP_380,female,adult
DGRP_Line_380_Female_SAMN22427218,DGRP Line 380 Female,DGRP_380,female,adult
DGRP_Line_380_Male_SAMN22427219,DGRP Line 380 Male,DGRP_380,male,adult
DGRP_Line_380_Male_SAMN22427220,DGRP Line 380 Male,DGRP_380,male,adult
DGRP_Line_382_Female_SAMN22427221,DGRP Line 382 Female,DGRP_382,female,adult
DGRP_Line_382_Female_SAMN22427222,DGRP Line 382 Female,DGRP_382,female,adult
DGRP_Line_382_Male_SAMN22427223,DGRP Line 382 Male,DGRP_382,male,adult
DGRP_Line_382_Male_SAMN22427224,DGRP Line 382 Male,DGRP_382,male,adult
DGRP_Line_383_Female_SAMN22427225,DGRP Line 383 Female,DGRP_383,female,adult
DGRP_Line_383_Female_SAMN22427226,DGRP Line 383 Female,DGRP_383,female,adult
DGRP_Line_383_Male_SAMN22427227,DGRP Line 383 Male,DGRP_383,male,adult
DGRP_Line_383_Male_SAMN22427228,DGRP Line 383 Male,DGRP_383,male,adult
DGRP_Line_385_Female_SAMN22427229,DGRP Line 385 Female,DGRP_385,female,adult
DGRP_Line_385_Female_SAMN22427230,DGRP Line 385 Female,DGRP_385,female,adult
DGRP_Line_385_Male_SAMN22427231,DGRP Line 385 Male,DGRP_385,male,adult
DGRP_Line_385_Male_SAMN22427203,DGRP Line 385 Male,DGRP_385,male,adult
DGRP_Line_386_Female_SAMN22427204,DGRP Line 386 Female,DGRP_386,female,adult
DGRP_Line_386_Female_SAMN22427205,DGRP Line 386 Female,DGRP_386,female,adult
DGRP_Line_386_Male_SAMN22427206,DGRP Line 386 Male,DGRP_386,male,adult
DGRP_Line_386_Male_SAMN22427207,DGRP Line 386 Male,DGRP_386,male,adult
DGRP_Line_399_Female_SAMN22427208,DGRP Line 399 Female,DGRP_399,female,adult
DGRP_Line_399_Female_SAMN22427209,DGRP Line 399 Female,DGRP_399,female,adult
DGRP_Line_399_Male_SAMN22427210,DGRP Line 399 Male,DGRP_399,male,adult
DGRP_Line_399_Male_SAMN22427211,DGRP Line 399 Male,DGRP_399,male,adult
DGRP_Line_406_Female_SAMN22427212,DGRP Line 406 Female,DGRP_406,female,adult
DGRP_Line_406_Female_SAMN22427213,DGRP Line 406 Female,DGRP_406,female,adult
DGRP_Line_406_Male_SAMN22427214,DGRP Line 406 Male,DGRP_406,male,adult
DGRP_Line_406_Male_SAMN22427215,DGRP Line 406 Male,DGRP_406,male,adult
DGRP_Line_40_Female_SAMN22426979,DGRP Line 40 Female,DGRP_40,female,adult
DGRP_Line_40_Female_SAMN22426980,DGRP Line 40 Female,DGRP_40,female,adult
DGRP_Line_40_Male_SAMN22426981,DGRP Line 40 Male,DGRP_40,male,adult
DGRP_Line_40_Male_SAMN22426982,DGRP Line 40 Male,DGRP_40,male,adult
DGRP_Line_427_Female_SAMN22426983,DGRP Line 427 Female,DGRP_427,female,adult
DGRP_Line_427_Female_SAMN22426984,DGRP Line 427 Female,DGRP_427,female,adult
DGRP_Line_427_Male_SAMN22426986,DGRP Line 427 Male,DGRP_427,male,adult
DGRP_Line_437_Female_SAMN22426987,DGRP Line 437 Female,DGRP_437,female,adult
DGRP_Line_437_Female_SAMN22426988,DGRP Line 437 Female,DGRP_437,female,adult
DGRP_Line_437_Male_SAMN22426989,DGRP Line 437 Male,DGRP_437,male,adult
DGRP_Line_437_Male_SAMN22426990,DGRP Line 437 Male,DGRP_437,male,adult
DGRP_Line_439_Female_SAMN22426991,DGRP Line 439 Female,DGRP_439,female,adult
DGRP_Line_439_Female_SAMN22426992,DGRP Line 439 Female,DGRP_439,female,adult
DGRP_Line_439_Male_SAMN22426993,DGRP Line 439 Male,DGRP_439,male,adult
DGRP_Line_439_Male_SAMN22426994,DGRP Line 439 Male,DGRP_439,male,adult
DGRP_Line_441_Female_SAMN22426995,DGRP Line 441 Female,DGRP_441,female,adult
DGRP_Line_441_Female_SAMN22426996,DGRP Line 441 Female,DGRP_441,female,adult
DGRP_Line_441_Male_SAMN22426997,DGRP Line 441 Male,DGRP_441,male,adult
DGRP_Line_441_Male_SAMN22426998,DGRP Line 441 Male,DGRP_441,male,adult
DGRP_Line_45_Female_SAMN22426999,DGRP Line 45 Female,DGRP_45,female,adult
DGRP_Line_45_Female_SAMN22427000,DGRP Line 45 Female,DGRP_45,female,adult
DGRP_Line_45_Male_SAMN22427001,DGRP Line 45 Male,DGRP_45,male,adult
DGRP_Line_45_Male_SAMN22427019,DGRP Line 45 Male,DGRP_45,male,adult
DGRP_Line_461_Female_SAMN22427144,DGRP Line 461 Female,DGRP_461,female,adult
DGRP_Line_461_Female_SAMN22427020,DGRP Line 461 Female,DGRP_461,female,adult
DGRP_Line_461_Male_SAMN22427021,DGRP Line 461 Male,DGRP_461,male,adult
DGRP_Line_461_Male_SAMN22427022,DGRP Line 461 Male,DGRP_461,male,adult
DGRP_Line_486_Female_SAMN22427023,DGRP Line 486 Female,DGRP_486,female,adult
DGRP_Line_486_Female_SAMN22427024,DGRP Line 486 Female,DGRP_486,female,adult
DGRP_Line_486_Male_SAMN22427025,DGRP Line 486 Male,DGRP_486,male,adult
DGRP_Line_486_Male_SAMN22427143,DGRP Line 486 Male,DGRP_486,male,adult
DGRP_Line_49_Female_SAMN22427145,DGRP Line 49 Female,DGRP_49,female,adult
DGRP_Line_49_Female_SAMN22427146,DGRP Line 49 Female,DGRP_49,female,adult
DGRP_Line_49_Male_SAMN22427147,DGRP Line 49 Male,DGRP_49,male,adult
DGRP_Line_49_Male_SAMN22427148,DGRP Line 49 Male,DGRP_49,male,adult
DGRP_Line_505_Female_SAMN22427133,DGRP Line 505 Female,DGRP_505,female,adult
DGRP_Line_505_Female_SAMN22427134,DGRP Line 505 Female,DGRP_505,female,adult
DGRP_Line_505_Male_SAMN22427135,DGRP Line 505 Male,DGRP_505,male,adult
DGRP_Line_505_Male_SAMN22427136,DGRP Line 505 Male,DGRP_505,male,adult
DGRP_Line_513_Female_SAMN22427137,DGRP Line 513 Female,DGRP_513,female,adult
DGRP_Line_513_Female_SAMN22427138,DGRP Line 513 Female,DGRP_513,female,adult
DGRP_Line_513_Male_SAMN22427139,DGRP Line 513 Male,DGRP_513,male,adult
DGRP_Line_513_Male_SAMN22427140,DGRP Line 513 Male,DGRP_513,male,adult
DGRP_Line_517_Female_SAMN22427141,DGRP Line 517 Female,DGRP_517,female,adult
DGRP_Line_517_Female_SAMN22427142,DGRP Line 517 Female,DGRP_517,female,adult
DGRP_Line_517_Male_SAMN22427102,DGRP Line 517 Male,DGRP_517,male,adult
DGRP_Line_517_Male_SAMN22427103,DGRP Line 517 Male,DGRP_517,male,adult
DGRP_Line_530_Female_SAMN22427104,DGRP Line 530 Female,DGRP_530,female,adult
DGRP_Line_530_Female_SAMN22427109,DGRP Line 530 Female,DGRP_530,female,adult
DGRP_Line_530_Male_SAMN22427110,DGRP Line 530 Male,DGRP_530,male,adult
DGRP_Line_530_Male_SAMN22427111,DGRP Line 530 Male,DGRP_530,male,adult
DGRP_Line_555_Female_SAMN22427112,DGRP Line 555 Female,DGRP_555,female,adult
DGRP_Line_555_Female_SAMN22427113,DGRP Line 555 Female,DGRP_555,female,adult
DGRP_Line_555_Male_SAMN22427114,DGRP Line 555 Male,DGRP_555,male,adult
DGRP_Line_555_Male_SAMN22427106,DGRP Line 555 Male,DGRP_555,male,adult
DGRP_Line_57_Female_SAMN22427107,DGRP Line 57 Female,DGRP_57,female,adult
DGRP_Line_57_Female_SAMN22427108,DGRP Line 57 Female,DGRP_57,female,adult
DGRP_Line_57_Male_SAMN22427115,DGRP Line 57 Male,DGRP_57,male,adult
DGRP_Line_57_Male_SAMN22427116,DGRP Line 57 Male,DGRP_57,male,adult
DGRP_Line_589_Female_SAMN22427117,DGRP Line 589 Female,DGRP_589,female,adult
DGRP_Line_589_Female_SAMN22427118,DGRP Line 589 Female,DGRP_589,female,adult
DGRP_Line_589_Male_SAMN22427119,DGRP Line 589 Male,DGRP_589,male,adult
DGRP_Line_589_Male_SAMN22427120,DGRP Line 589 Male,DGRP_589,male,adult
DGRP_Line_596_Female_SAMN22427121,DGRP Line 596 Female,DGRP_596,female,adult
DGRP_Line_596_Female_SAMN22427122,DGRP Line 596 Female,DGRP_596,female,adult
DGRP_Line_596_Male_SAMN22427123,DGRP Line 596 Male,DGRP_596,male,adult
DGRP_Line_596_Male_SAMN22427124,DGRP Line 596 Male,DGRP_596,male,adult
DGRP_Line_59_Female_SAMN22427125,DGRP Line 59 Female,DGRP_59,female,adult
DGRP_Line_59_Female_SAMN22427126,DGRP Line 59 Female,DGRP_59,female,adult
DGRP_Line_59_Male_SAMN22427127,DGRP Line 59 Male,DGRP_59,male,adult
DGRP_Line_59_Male_SAMN22427128,DGRP Line 59 Male,DGRP_59,male,adult
DGRP_Line_703_Female_SAMN22427129,DGRP Line 703 Female,DGRP_703,female,adult
DGRP_Line_703_Female_SAMN22427130,DGRP Line 703 Female,DGRP_703,female,adult
DGRP_Line_703_Male_SAMN22427131,DGRP Line 703 Male,DGRP_703,male,adult
DGRP_Line_703_Male_SAMN22427132,DGRP Line 703 Male,DGRP_703,male,adult
DGRP_Line_705_Female_SAMN22427056,DGRP Line 705 Female,DGRP_705,female,adult
DGRP_Line_705_Female_SAMN22427057,DGRP Line 705 Female,DGRP_705,female,adult
DGRP_Line_705_Male_SAMN22427058,DGRP Line 705 Male,DGRP_705,male,adult
DGRP_Line_705_Male_SAMN22427059,DGRP Line 705 Male,DGRP_705,male,adult
DGRP_Line_707_Female_SAMN22427060,DGRP Line 707 Female,DGRP_707,female,adult
DGRP_Line_707_Female_SAMN22427061,DGRP Line 707 Female,DGRP_707,female,adult
DGRP_Line_707_Male_SAMN22427062,DGRP Line 707 Male,DGRP_707,male,adult
DGRP_Line_707_Male_SAMN22427064,DGRP Line 707 Male,DGRP_707,male,adult
DGRP_Line_712_Female_SAMN22427067,DGRP Line 712 Female,DGRP_712,female,adult
DGRP_Line_712_Female_SAMN22427069,DGRP Line 712 Female,DGRP_712,female,adult
DGRP_Line_712_Male_SAMN22427070,DGRP Line 712 Male,DGRP_712,male,adult
DGRP_Line_712_Male_SAMN22427072,DGRP Line 712 Male,DGRP_712,male,adult
DGRP_Line_716_Female_SAMN22427073,DGRP Line 716 Female,DGRP_716,female,adult
DGRP_Line_716_Female_SAMN22427075,DGRP Line 716 Female,DGRP_716,female,adult
DGRP_Line_716_Male_SAMN22427077,DGRP Line 716 Male,DGRP_716,male,adult
DGRP_Line_716_Male_SAMN22427078,DGRP Line 716 Male,DGRP_716,male,adult
DGRP_Line_721_Female_SAMN22427080,DGRP Line 721 Female,DGRP_721,female,adult
DGRP_Line_721_Female_SAMN22427081,DGRP Line 721 Female,DGRP_721,female,adult
DGRP_Line_721_Male_SAMN22427083,DGRP Line 721 Male,DGRP_721,male,adult
DGRP_Line_721_Male_SAMN22427084,DGRP Line 721 Male,DGRP_721,male,adult
DGRP_Line_727_Female_SAMN22427087,DGRP Line 727 Female,DGRP_727,female,adult
DGRP_Line_727_Female_SAMN22427088,DGRP Line 727 Female,DGRP_727,female,adult
DGRP_Line_727_Male_SAMN22427089,DGRP Line 727 Male,DGRP_727,male,adult
DGRP_Line_727_Male_SAMN22427091,DGRP Line 727 Male,DGRP_727,male,adult
DGRP_Line_730_Female_SAMN22427093,DGRP Line 730 Female,DGRP_730,female,adult
DGRP_Line_730_Female_SAMN22427095,DGRP Line 730 Female,DGRP_730,female,adult
DGRP_Line_730_Male_SAMN22427096,DGRP Line 730 Male,DGRP_730,male,adult
DGRP_Line_730_Male_SAMN22427098,DGRP Line 730 Male,DGRP_730,male,adult
DGRP_Line_73_Female_SAMN22427099,DGRP Line 73 Female,DGRP_73,female,adult
DGRP_Line_73_Female_SAMN22427100,DGRP Line 73 Female,DGRP_73,female,adult
DGRP_Line_73_Male_SAMN22427149,DGRP Line 73 Male,DGRP_73,male,adult
DGRP_Line_73_Male_SAMN22427150,DGRP Line 73 Male,DGRP_73,male,adult
DGRP_Line_748_Female_SAMN22427151,DGRP Line 748 Female,DGRP_748,female,adult
DGRP_Line_748_Female_SAMN22427152,DGRP Line 748 Female,DGRP_748,female,adult
DGRP_Line_748_Male_SAMN22427153,DGRP Line 748 Male,DGRP_748,male,adult
DGRP_Line_748_Male_SAMN22427154,DGRP Line 748 Male,DGRP_748,male,adult
DGRP_Line_75_Female_SAMN22427157,DGRP Line 75 Female,DGRP_75,female,adult
DGRP_Line_75_Female_SAMN22427158,DGRP Line 75 Female,DGRP_75,female,adult
DGRP_Line_75_Male_SAMN22427159,DGRP Line 75 Male,DGRP_75,male,adult
DGRP_Line_75_Male_SAMN22427155,DGRP Line 75 Male,DGRP_75,male,adult
DGRP_Line_761_Female_SAMN22427156,DGRP Line 761 Female,DGRP_761,female,adult
DGRP_Line_761_Female_SAMN22427160,DGRP Line 761 Female,DGRP_761,female,adult
DGRP_Line_761_Male_SAMN22427161,DGRP Line 761 Male,DGRP_761,male,adult
DGRP_Line_761_Male_SAMN22427162,DGRP Line 761 Male,DGRP_761,male,adult
DGRP_Line_765_Female_SAMN22427163,DGRP Line 765 Female,DGRP_765,female,adult
DGRP_Line_765_Female_SAMN22427164,DGRP Line 765 Female,DGRP_765,female,adult
DGRP_Line_765_Male_SAMN22427166,DGRP Line 765 Male,DGRP_765,male,adult
DGRP_Line_783_Female_SAMN22427167,DGRP Line 783 Female,DGRP_783,female,adult
DGRP_Line_783_Female_SAMN22427168,DGRP Line 783 Female,DGRP_783,female,adult
DGRP_Line_783_Male_SAMN22427169,DGRP Line 783 Male,DGRP_783,male,adult
DGRP_Line_783_Male_SAMN22427170,DGRP Line 783 Male,DGRP_783,male,adult
DGRP_Line_786_Female_SAMN22426949,DGRP Line 786 Female,DGRP_786,female,adult
DGRP_Line_786_Female_SAMN22426950,DGRP Line 786 Female,DGRP_786,female,adult
DGRP_Line_786_Male_SAMN22426951,DGRP Line 786 Male,DGRP_786,male,adult
DGRP_Line_786_Male_SAMN22426952,DGRP Line 786 Male,DGRP_786,male,adult
DGRP_Line_787_Female_SAMN22426953,DGRP Line 787 Female,DGRP_787,female,adult
DGRP_Line_787_Female_SAMN22426954,DGRP Line 787 Female,DGRP_787,female,adult
DGRP_Line_787_Male_SAMN22426955,DGRP Line 787 Male,DGRP_787,male,adult
DGRP_Line_787_Male_SAMN22426956,DGRP Line 787 Male,DGRP_787,male,adult
DGRP_Line_790_Female_SAMN22426957,DGRP Line 790 Female,DGRP_790,female,adult
DGRP_Line_790_Female_SAMN22426958,DGRP Line 790 Female,DGRP_790,female,adult
DGRP_Line_790_Male_SAMN22426959,DGRP Line 790 Male,DGRP_790,male,adult
DGRP_Line_790_Male_SAMN22426960,DGRP Line 790 Male,DGRP_790,male,adult
DGRP_Line_799_Female_SAMN22426961,DGRP Line 799 Female,DGRP_799,female,adult
DGRP_Line_799_Female_SAMN22426962,DGRP Line 799 Female,DGRP_799,female,adult
DGRP_Line_799_Male_SAMN22426963,DGRP Line 799 Male,DGRP_799,male,adult
DGRP_Line_799_Male_SAMN22426964,DGRP Line 799 Male,DGRP_799,male,adult
DGRP_Line_801_Female_SAMN22426965,DGRP Line 801 Female,DGRP_801,female,adult
DGRP_Line_801_Female_SAMN22426966,DGRP Line 801 Female,DGRP_801,female,adult
DGRP_Line_801_Male_SAMN22426967,DGRP Line 801 Male,DGRP_801,male,adult
DGRP_Line_801_Male_SAMN22426968,DGRP Line 801 Male,DGRP_801,male,adult
DGRP_Line_804_Female_SAMN22426969,DGRP Line 804 Female,DGRP_804,female,adult
DGRP_Line_804_Female_SAMN22426970,DGRP Line 804 Female,DGRP_804,female,adult
DGRP_Line_804_Male_SAMN22426971,DGRP Line 804 Male,DGRP_804,male,adult
DGRP_Line_804_Male_SAMN22426972,DGRP Line 804 Male,DGRP_804,male,adult
DGRP_Line_805_Female_SAMN22426973,DGRP Line 805 Female,DGRP_805,female,adult
DGRP_Line_805_Female_SAMN22426974,DGRP Line 805 Female,DGRP_805,female,adult
DGRP_Line_805_Male_SAMN22426975,DGRP Line 805 Male,DGRP_805,male,adult
DGRP_Line_805_Male_SAMN22426976,DGRP Line 805 Male,DGRP_805,male,adult
DGRP_Line_808_Female_SAMN22426977,DGRP Line 808 Female,DGRP_808,female,adult
DGRP_Line_808_Female_SAMN22426978,DGRP Line 808 Female,DGRP_808,female,adult
DGRP_Line_808_Male_SAMN22427171,DGRP Line 808 Male,DGRP_808,male,adult
DGRP_Line_808_Male_SAMN22427172,DGRP Line 808 Male,DGRP_808,male,adult
DGRP_Line_820_Female_SAMN22427173,DGRP Line 820 Female,DGRP_820,female,adult
DGRP_Line_820_Female_SAMN22427174,DGRP Line 820 Female,DGRP_820,female,adult
DGRP_Line_820_Male_SAMN22427175,DGRP Line 820 Male,DGRP_820,male,adult
DGRP_Line_820_Male_SAMN22427176,DGRP Line 820 Male,DGRP_820,male,adult
DGRP_Line_822_Female_SAMN22427177,DGRP Line 822 Female,DGRP_822,female,adult
DGRP_Line_822_Female_SAMN22427178,DGRP Line 822 Female,DGRP_822,female,adult
DGRP_Line_822_Male_SAMN22427179,DGRP Line 822 Male,DGRP_822,male,adult
DGRP_Line_822_Male_SAMN22427180,DGRP Line 822 Male,DGRP_822,male,adult
DGRP_Line_837_Female_SAMN22427183,DGRP Line 837 Female,DGRP_837,female,adult
DGRP_Line_837_Female_SAMN22427184,DGRP Line 837 Female,DGRP_837,female,adult
DGRP_Line_837_Male_SAMN22427185,DGRP Line 837 Male,DGRP_837,male,adult
DGRP_Line_837_Male_SAMN22427186,DGRP Line 837 Male,DGRP_837,male,adult
DGRP_Line_83_Female_SAMN22427187,DGRP Line 83 Female,DGRP_83,female,adult
DGRP_Line_83_Female_SAMN22427188,DGRP Line 83 Female,DGRP_83,female,adult
DGRP_Line_83_Male_SAMN22427189,DGRP Line 83 Male,DGRP_83,male,adult
DGRP_Line_83_Male_SAMN22427181,DGRP Line 83 Male,DGRP_83,male,adult
DGRP_Line_843_Female_SAMN22427182,DGRP Line 843 Female,DGRP_843,female,adult
DGRP_Line_843_Female_SAMN22427190,DGRP Line 843 Female,DGRP_843,female,adult
DGRP_Line_843_Male_SAMN22427191,DGRP Line 843 Male,DGRP_843,male,adult
DGRP_Line_843_Male_SAMN22427192,DGRP Line 843 Male,DGRP_843,male,adult
DGRP_Line_849_Female_SAMN22427193,DGRP Line 849 Female,DGRP_849,female,adult
DGRP_Line_849_Female_SAMN22427194,DGRP Line 849 Female,DGRP_849,female,adult
DGRP_Line_849_Male_SAMN22427195,DGRP Line 849 Male,DGRP_849,male,adult
DGRP_Line_849_Male_SAMN22427196,DGRP Line 849 Male,DGRP_849,male,adult
DGRP_Line_850_Female_SAMN22427197,DGRP Line 850 Female,DGRP_850,female,adult
DGRP_Line_850_Female_SAMN22427232,DGRP Line 850 Female,DGRP_850,female,adult
DGRP_Line_850_Male_SAMN22427233,DGRP Line 850 Male,DGRP_850,male,adult
DGRP_Line_850_Male_SAMN22427234,DGRP Line 850 Male,DGRP_850,male,adult
DGRP_Line_852_Female_SAMN22427235,DGRP Line 852 Female,DGRP_852,female,adult
DGRP_Line_852_Female_SAMN22427236,DGRP Line 852 Female,DGRP_852,female,adult
DGRP_Line_852_Male_SAMN22427237,DGRP Line 852 Male,DGRP_852,male,adult
DGRP_Line_852_Male_SAMN22427238,DGRP Line 852 Male,DGRP_852,male,adult
DGRP_Line_882_Female_SAMN22427239,DGRP Line 882 Female,DGRP_882,female,adult
DGRP_Line_882_Female_SAMN22427240,DGRP Line 882 Female,DGRP_882,female,adult
DGRP_Line_882_Male_SAMN22427241,DGRP Line 882 Male,DGRP_882,male,adult
DGRP_Line_882_Male_SAMN22427198,DGRP Line 882 Male,DGRP_882,male,adult
DGRP_Line_890_Female_SAMN22427199,DGRP Line 890 Female,DGRP_890,female,adult
DGRP_Line_890_Female_SAMN22427200,DGRP Line 890 Female,DGRP_890,female,adult
DGRP_Line_890_Male_SAMN22427201,DGRP Line 890 Male,DGRP_890,male,adult
DGRP_Line_890_Male_SAMN22427202,DGRP Line 890 Male,DGRP_890,male,adult
DGRP_Line_897_Female_SAMN22428083,DGRP Line 897 Female,DGRP_897,female,adult
DGRP_Line_897_Female_SAMN22428085,DGRP Line 897 Female,DGRP_897,female,adult
DGRP_Line_897_Male_SAMN22428086,DGRP Line 897 Male,DGRP_897,male,adult
DGRP_Line_897_Male_SAMN22428088,DGRP Line 897 Male,DGRP_897,male,adult
DGRP_Line_900_Female_SAMN22428089,DGRP Line 900 Female,DGRP_900,female,adult
DGRP_Line_900_Female_SAMN22428090,DGRP Line 900 Female,DGRP_900,female,adult
DGRP_Line_900_Male_SAMN22428091,DGRP Line 900 Male,DGRP_900,male,adult
DGRP_Line_900_Male_SAMN22428092,DGRP Line 900 Male,DGRP_900,male,adult
DGRP_Line_911_Female_SAMN22428093,DGRP Line 911 Female,DGRP_911,female,adult
DGRP_Line_911_Female_SAMN22428094,DGRP Line 911 Female,DGRP_911,female,adult
DGRP_Line_911_Male_SAMN22428095,DGRP Line 911 Male,DGRP_911,male,adult
DGRP_Line_911_Male_SAMN22427243,DGRP Line 911 Male,DGRP_911,male,adult
DGRP_Line_427_Male_SAMN22426985,DGRP Line 427 Male,DGRP_427,male,adult
DGRP_Line_765_Male_SAMN22427165,DGRP Line 765 Male,DGRP_765,male,adult
