sample_name,BioSample,Assay.Type,LibraryLayout,LibrarySource,LibrarySelection,Instrument,sex,age,Strain,medium,Tissue,Experiment,Run
DGRP_Line_105_Female_SAMN22426895,SAMN22426895,RNA-Seq,SINGLE,TRANSCRIPTOMIC,cDNA,Illumina HiSeq 2500,female,adult,DGRP_105,10% EtOH in growth media,Whole fly,SRX12705321,SRR16502361
DGRP_Line_105_Female_SAMN22426896,SAMN22426896,RNA-Seq,SINGLE,TRANSCRIPTOMIC,cDNA,Illumina HiSeq 2500,female,adult,DGRP_105,10% EtOH in growth media,Whole fly,SRX12705322,SRR16502362
DGRP_Line_105_Male_SAMN22426897,SAMN22426897,RNA-Seq,SINGLE,TRANSCRIPTOMIC,cDNA,Illumina HiSeq 2500,male,adult,DGRP_105,10% EtOH in growth media,Whole fly,SRX12705195,SRR16502363
DGRP_Line_105_Male_SAMN22426898,SAMN22426898,RNA-Seq,SINGLE,TRANSCRIPTOMIC,cDNA,Illumina HiSeq 2500,male,adult,DGRP_105,10% EtOH in growth media,Whole fly,SRX12705196,SRR16502364
DGRP_Line_129_Female_SAMN22426899,SAMN22426899,RNA-Seq,SINGLE,TRANSCRIPTOMIC,cDNA,Illumina HiSeq 2500,female,adult,DGRP_129,10% EtOH in growth media,Whole fly,SRX12705197,SRR16502365
DGRP_Line_129_Female_SAMN22426900,SAMN22426900,RNA-Seq,SINGLE,TRANSCRIPTOMIC,cDNA,Illumina HiSeq 2500,female,adult,DGRP_129,10% EtOH in growth media,Whole fly,SRX12705198,SRR16502366
DGRP_Line_129_Male_SAMN22426901,SAMN22426901,RNA-Seq,SINGLE,TRANSCRIPTOMIC,cDNA,Illumina HiSeq 2500,male,adult,DGRP_129,10% EtOH in growth media,Whole fly,SRX12705199,SRR16502367
DGRP_Line_129_Male_SAMN22426902,SAMN22426902,RNA-Seq,SINGLE,TRANSCRIPTOMIC,cDNA,Illumina HiSeq 2500,male,adult,DGRP_129,10% EtOH in growth media,Whole fly,SRX12705200,SRR16502368
DGRP_Line_142_Female_SAMN22426903,SAMN22426903,RNA-Seq,SINGLE,TRANSCRIPTOMIC,cDNA,Illumina HiSeq 2500,female,adult,DGRP_142,10% EtOH in growth media,Whole fly,SRX12705201,SRR16502369
DGRP_Line_142_Female_SAMN22426909,SAMN22426909,RNA-Seq,SINGLE,TRANSCRIPTOMIC,cDNA,Illumina HiSeq 2500,female,adult,DGRP_142,10% EtOH in growth media,Whole fly,SRX12705202,SRR16502370
DGRP_Line_142_Male_SAMN22426910,SAMN22426910,RNA-Seq,SINGLE,TRANSCRIPTOMIC,cDNA,Illumina HiSeq 2500,male,adult,DGRP_142,10% EtOH in growth media,Whole fly,SRX12705203,SRR16502371
DGRP_Line_142_Male_SAMN22426911,SAMN22426911,RNA-Seq,SINGLE,TRANSCRIPTOMIC,cDNA,Illumina HiSeq 2500,male,adult,DGRP_142,10% EtOH in growth media,Whole fly,SRX12705204,SRR16502372
DGRP_Line_153_Female_SAMN22426904,SAMN22426904,RNA-Seq,SINGLE,TRANSCRIPTOMIC,cDNA,Illumina HiSeq 2500,female,adult,DGRP_153,10% EtOH in growth media,Whole fly,SRX12705205,SRR16502373
DGRP_Line_153_Female_SAMN22426905,SAMN22426905,RNA-Seq,SINGLE,TRANSCRIPTOMIC,cDNA,Illumina HiSeq 2500,female,adult,DGRP_153,10% EtOH in growth media,Whole fly,SRX12705206,SRR16502374
DGRP_Line_153_Male_SAMN22426906,SAMN22426906,RNA-Seq,SINGLE,TRANSCRIPTOMIC,cDNA,Illumina HiSeq 2500,male,adult,DGRP_153,10% EtOH in growth media,Whole fly,SRX12705207,SRR16502375
DGRP_Line_153_Male_SAMN22426907,SAMN22426907,RNA-Seq,SINGLE,TRANSCRIPTOMIC,cDNA,Illumina HiSeq 2500,male,adult,DGRP_153,10% EtOH in growth media,Whole fly,SRX12705208,SRR16502376
DGRP_Line_158_Female_SAMN22426908,SAMN22426908,RNA-Seq,SINGLE,TRANSCRIPTOMIC,cDNA,Illumina HiSeq 2500,female,adult,DGRP_158,10% EtOH in growth media,Whole fly,SRX12705209,SRR16502377
DGRP_Line_158_Female_SAMN22426912,SAMN22426912,RNA-Seq,SINGLE,TRANSCRIPTOMIC,cDNA,Illumina HiSeq 2500,female,adult,DGRP_158,10% EtOH in growth media,Whole fly,SRX12705210,SRR16502378
DGRP_Line_158_Male_SAMN22426913,SAMN22426913,RNA-Seq,SINGLE,TRANSCRIPTOMIC,cDNA,Illumina HiSeq 2500,male,adult,DGRP_158,10% EtOH in growth media,Whole fly,SRX12705225,SRR16502379
DGRP_Line_158_Male_SAMN22426914,SAMN22426914,RNA-Seq,SINGLE,TRANSCRIPTOMIC,cDNA,Illumina HiSeq 2500,male,adult,DGRP_158,10% EtOH in growth media,Whole fly,SRX12705226,SRR16502380
DGRP_Line_176_Female_SAMN22426915,SAMN22426915,RNA-Seq,SINGLE,TRANSCRIPTOMIC,cDNA,Illumina HiSeq 2500,female,adult,DGRP_176,10% EtOH in growth media,Whole fly,SRX12705227,SRR16502381
DGRP_Line_176_Female_SAMN22426916,SAMN22426916,RNA-Seq,SINGLE,TRANSCRIPTOMIC,cDNA,Illumina HiSeq 2500,female,adult,DGRP_176,10% EtOH in growth media,Whole fly,SRX12705228,SRR16502382
DGRP_Line_176_Male_SAMN22426917,SAMN22426917,RNA-Seq,SINGLE,TRANSCRIPTOMIC,cDNA,Illumina HiSeq 2500,male,adult,DGRP_176,10% EtOH in growth media,Whole fly,SRX12705229,SRR16502383
DGRP_Line_176_Male_SAMN22426918,SAMN22426918,RNA-Seq,SINGLE,TRANSCRIPTOMIC,cDNA,Illumina HiSeq 2500,male,adult,DGRP_176,10% EtOH in growth media,Whole fly,SRX12705230,SRR16502384
DGRP_Line_177_Female_SAMN22426919,SAMN22426919,RNA-Seq,SINGLE,TRANSCRIPTOMIC,cDNA,Illumina HiSeq 2500,female,adult,DGRP_177,10% EtOH in growth media,Whole fly,SRX12705231,SRR16502385
DGRP_Line_177_Female_SAMN22426920,SAMN22426920,RNA-Seq,SINGLE,TRANSCRIPTOMIC,cDNA,Illumina HiSeq 2500,female,adult,DGRP_177,10% EtOH in growth media,Whole fly,SRX12705232,SRR16502386
DGRP_Line_177_Male_SAMN22426921,SAMN22426921,RNA-Seq,SINGLE,TRANSCRIPTOMIC,cDNA,Illumina HiSeq 2500,male,adult,DGRP_177,10% EtOH in growth media,Whole fly,SRX12705233,SRR16502387
DGRP_Line_177_Male_SAMN22426922,SAMN22426922,RNA-Seq,SINGLE,TRANSCRIPTOMIC,cDNA,Illumina HiSeq 2500,male,adult,DGRP_177,10% EtOH in growth media,Whole fly,SRX12705234,SRR16502388
DGRP_Line_181_Female_SAMN22426923,SAMN22426923,RNA-Seq,SINGLE,TRANSCRIPTOMIC,cDNA,Illumina HiSeq 2500,female,adult,DGRP_181,10% EtOH in growth media,Whole fly,SRX12705235,SRR16502389
DGRP_Line_181_Female_SAMN22426924,SAMN22426924,RNA-Seq,SINGLE,TRANSCRIPTOMIC,cDNA,Illumina HiSeq 2500,female,adult,DGRP_181,10% EtOH in growth media,Whole fly,SRX12705236,SRR16502390
DGRP_Line_181_Male_SAMN22426925,SAMN22426925,RNA-Seq,SINGLE,TRANSCRIPTOMIC,cDNA,Illumina HiSeq 2500,male,adult,DGRP_181,10% EtOH in growth media,Whole fly,SRX12705237,SRR16502391
DGRP_Line_181_Male_SAMN22426926,SAMN22426926,RNA-Seq,SINGLE,TRANSCRIPTOMIC,cDNA,Illumina HiSeq 2500,male,adult,DGRP_181,10% EtOH in growth media,Whole fly,SRX12705238,SRR16502392
DGRP_Line_195_Female_SAMN22426927,SAMN22426927,RNA-Seq,SINGLE,TRANSCRIPTOMIC,cDNA,Illumina HiSeq 2500,female,adult,DGRP_195,10% EtOH in growth media,Whole fly,SRX12705239,SRR16502393
DGRP_Line_195_Female_SAMN22426928,SAMN22426928,RNA-Seq,SINGLE,TRANSCRIPTOMIC,cDNA,Illumina HiSeq 2500,female,adult,DGRP_195,10% EtOH in growth media,Whole fly,SRX12705240,SRR16502394
DGRP_Line_195_Male_SAMN22426929,SAMN22426929,RNA-Seq,SINGLE,TRANSCRIPTOMIC,cDNA,Illumina HiSeq 2500,male,adult,DGRP_195,10% EtOH in growth media,Whole fly,SRX12705241,SRR16502395
DGRP_Line_195_Male_SAMN22426930,SAMN22426930,RNA-Seq,SINGLE,TRANSCRIPTOMIC,cDNA,Illumina HiSeq 2500,male,adult,DGRP_195,10% EtOH in growth media,Whole fly,SRX12705242,SRR16502396
DGRP_Line_208_Female_SAMN22426931,SAMN22426931,RNA-Seq,SINGLE,TRANSCRIPTOMIC,cDNA,Illumina HiSeq 2500,female,adult,DGRP_208,10% EtOH in growth media,Whole fly,SRX12705243,SRR16502397
DGRP_Line_208_Female_SAMN22426932,SAMN22426932,RNA-Seq,SINGLE,TRANSCRIPTOMIC,cDNA,Illumina HiSeq 2500,female,adult,DGRP_208,10% EtOH in growth media,Whole fly,SRX12705244,SRR16502398
DGRP_Line_208_Male_SAMN22426933,SAMN22426933,RNA-Seq,SINGLE,TRANSCRIPTOMIC,cDNA,Illumina HiSeq 2500,male,adult,DGRP_208,10% EtOH in growth media,Whole fly,SRX12705245,SRR16502399
DGRP_Line_208_Male_SAMN22426934,SAMN22426934,RNA-Seq,SINGLE,TRANSCRIPTOMIC,cDNA,Illumina HiSeq 2500,male,adult,DGRP_208,10% EtOH in growth media,Whole fly,SRX12705246,SRR16502400
DGRP_Line_217_Female_SAMN22426935,SAMN22426935,RNA-Seq,SINGLE,TRANSCRIPTOMIC,cDNA,Illumina HiSeq 2500,female,adult,DGRP_217,10% EtOH in growth media,Whole fly,SRX12705247,SRR16502401
DGRP_Line_217_Female_SAMN22426936,SAMN22426936,RNA-Seq,SINGLE,TRANSCRIPTOMIC,cDNA,Illumina HiSeq 2500,female,adult,DGRP_217,10% EtOH in growth media,Whole fly,SRX12705248,SRR16502402
DGRP_Line_217_Male_SAMN22426937,SAMN22426937,RNA-Seq,SINGLE,TRANSCRIPTOMIC,cDNA,Illumina HiSeq 2500,male,adult,DGRP_217,10% EtOH in growth media,Whole fly,SRX12705249,SRR16502403
DGRP_Line_217_Male_SAMN22426938,SAMN22426938,RNA-Seq,SINGLE,TRANSCRIPTOMIC,cDNA,Illumina HiSeq 2500,male,adult,DGRP_217,10% EtOH in growth media,Whole fly,SRX12705250,SRR16502404
DGRP_Line_228_Female_SAMN22426939,SAMN22426939,RNA-Seq,SINGLE,TRANSCRIPTOMIC,cDNA,Illumina HiSeq 2500,female,adult,DGRP_228,10% EtOH in growth media,Whole fly,SRX12705251,SRR16502405
DGRP_Line_228_Female_SAMN22426940,SAMN22426940,RNA-Seq,SINGLE,TRANSCRIPTOMIC,cDNA,Illumina HiSeq 2500,female,adult,DGRP_228,10% EtOH in growth media,Whole fly,SRX12705252,SRR16502406
DGRP_Line_228_Male_SAMN22426941,SAMN22426941,RNA-Seq,SINGLE,TRANSCRIPTOMIC,cDNA,Illumina HiSeq 2500,male,adult,DGRP_228,10% EtOH in growth media,Whole fly,SRX12705253,SRR16502407
DGRP_Line_228_Male_SAMN22426942,SAMN22426942,RNA-Seq,SINGLE,TRANSCRIPTOMIC,cDNA,Illumina HiSeq 2500,male,adult,DGRP_228,10% EtOH in growth media,Whole fly,SRX12705254,SRR16502408
DGRP_Line_229_Female_SAMN22426943,SAMN22426943,RNA-Seq,SINGLE,TRANSCRIPTOMIC,cDNA,Illumina HiSeq 2500,female,adult,DGRP_229,10% EtOH in growth media,Whole fly,SRX12705255,SRR16502409
DGRP_Line_229_Female_SAMN22426944,SAMN22426944,RNA-Seq,SINGLE,TRANSCRIPTOMIC,cDNA,Illumina HiSeq 2500,female,adult,DGRP_229,10% EtOH in growth media,Whole fly,SRX12705256,SRR16502410
DGRP_Line_229_Male_SAMN22426945,SAMN22426945,RNA-Seq,SINGLE,TRANSCRIPTOMIC,cDNA,Illumina HiSeq 2500,male,adult,DGRP_229,10% EtOH in growth media,Whole fly,SRX12705257,SRR16502411
DGRP_Line_229_Male_SAMN22426946,SAMN22426946,RNA-Seq,SINGLE,TRANSCRIPTOMIC,cDNA,Illumina HiSeq 2500,male,adult,DGRP_229,10% EtOH in growth media,Whole fly,SRX12705258,SRR16502412
DGRP_Line_239_Female_SAMN22426947,SAMN22426947,RNA-Seq,SINGLE,TRANSCRIPTOMIC,cDNA,Illumina HiSeq 2500,female,adult,DGRP_239,10% EtOH in growth media,Whole fly,SRX12705259,SRR16502413
DGRP_Line_239_Female_SAMN22426948,SAMN22426948,RNA-Seq,SINGLE,TRANSCRIPTOMIC,cDNA,Illumina HiSeq 2500,female,adult,DGRP_239,10% EtOH in growth media,Whole fly,SRX12705260,SRR16502414
DGRP_Line_239_Male_SAMN22427026,SAMN22427026,RNA-Seq,SINGLE,TRANSCRIPTOMIC,cDNA,Illumina HiSeq 2500,male,adult,DGRP_239,10% EtOH in growth media,Whole fly,SRX12705261,SRR16502415
DGRP_Line_239_Male_SAMN22427027,SAMN22427027,RNA-Seq,SINGLE,TRANSCRIPTOMIC,cDNA,Illumina HiSeq 2500,male,adult,DGRP_239,10% EtOH in growth media,Whole fly,SRX12705262,SRR16502416
DGRP_Line_280_Female_SAMN22427028,SAMN22427028,RNA-Seq,SINGLE,TRANSCRIPTOMIC,cDNA,Illumina HiSeq 2500,female,adult,DGRP_280,10% EtOH in growth media,Whole fly,SRX12705263,SRR16502417
DGRP_Line_280_Female_SAMN22427029,SAMN22427029,RNA-Seq,SINGLE,TRANSCRIPTOMIC,cDNA,Illumina HiSeq 2500,female,adult,DGRP_280,10% EtOH in growth media,Whole fly,SRX12705264,SRR16502418
DGRP_Line_280_Male_SAMN22427030,SAMN22427030,RNA-Seq,SINGLE,TRANSCRIPTOMIC,cDNA,Illumina HiSeq 2500,male,adult,DGRP_280,10% EtOH in growth media,Whole fly,SRX12705265,SRR16502419
DGRP_Line_280_Male_SAMN22427031,SAMN22427031,RNA-Seq,SINGLE,TRANSCRIPTOMIC,cDNA,Illumina HiSeq 2500,male,adult,DGRP_280,10% EtOH in growth media,Whole fly,SRX12705266,SRR16502420
DGRP_Line_287_Female_SAMN22427032,SAMN22427032,RNA-Seq,SINGLE,TRANSCRIPTOMIC,cDNA,Illumina HiSeq 2500,female,adult,DGRP_287,10% EtOH in growth media,Whole fly,SRX12705267,SRR16502421
DGRP_Line_287_Female_SAMN22427033,SAMN22427033,RNA-Seq,SINGLE,TRANSCRIPTOMIC,cDNA,Illumina HiSeq 2500,female,adult,DGRP_287,10% EtOH in growth media,Whole fly,SRX12705268,SRR16502422
DGRP_Line_287_Male_SAMN22427034,SAMN22427034,RNA-Seq,SINGLE,TRANSCRIPTOMIC,cDNA,Illumina HiSeq 2500,male,adult,DGRP_287,10% EtOH in growth media,Whole fly,SRX12705269,SRR16502423
DGRP_Line_287_Male_SAMN22427035,SAMN22427035,RNA-Seq,SINGLE,TRANSCRIPTOMIC,cDNA,Illumina HiSeq 2500,male,adult,DGRP_287,10% EtOH in growth media,Whole fly,SRX12705270,SRR16502424
DGRP_Line_28_Female_SAMN22427036,SAMN22427036,RNA-Seq,SINGLE,TRANSCRIPTOMIC,cDNA,Illumina HiSeq 2500,female,adult,DGRP_28,10% EtOH in growth media,Whole fly,SRX12705271,SRR16502425
DGRP_Line_28_Female_SAMN22427037,SAMN22427037,RNA-Seq,SINGLE,TRANSCRIPTOMIC,cDNA,Illumina HiSeq 2500,female,adult,DGRP_28,10% EtOH in growth media,Whole fly,SRX12705272,SRR16502426
DGRP_Line_28_Male_SAMN22427038,SAMN22427038,RNA-Seq,SINGLE,TRANSCRIPTOMIC,cDNA,Illumina HiSeq 2500,male,adult,DGRP_28,10% EtOH in growth media,Whole fly,SRX12705273,SRR16502427
DGRP_Line_28_Male_SAMN22427039,SAMN22427039,RNA-Seq,SINGLE,TRANSCRIPTOMIC,cDNA,Illumina HiSeq 2500,male,adult,DGRP_28,10% EtOH in growth media,Whole fly,SRX12705274,SRR16502428
DGRP_Line_306_Female_SAMN22427040,SAMN22427040,RNA-Seq,SINGLE,TRANSCRIPTOMIC,cDNA,Illumina HiSeq 2500,female,adult,DGRP_306,10% EtOH in growth media,Whole fly,SRX12705275,SRR16502429
DGRP_Line_306_Female_SAMN22427041,SAMN22427041,RNA-Seq,SINGLE,TRANSCRIPTOMIC,cDNA,Illumina HiSeq 2500,female,adult,DGRP_306,10% EtOH in growth media,Whole fly,SRX12705276,SRR16502430
DGRP_Line_306_Male_SAMN22427042,SAMN22427042,RNA-Seq,SINGLE,TRANSCRIPTOMIC,cDNA,Illumina HiSeq 2500,male,adult,DGRP_306,10% EtOH in growth media,Whole fly,SRX12705277,SRR16502431
DGRP_Line_306_Male_SAMN22427045,SAMN22427045,RNA-Seq,SINGLE,TRANSCRIPTOMIC,cDNA,Illumina HiSeq 2500,male,adult,DGRP_306,10% EtOH in growth media,Whole fly,SRX12705278,SRR16502432
DGRP_Line_313_Female_SAMN22427046,SAMN22427046,RNA-Seq,SINGLE,TRANSCRIPTOMIC,cDNA,Illumina HiSeq 2500,female,adult,DGRP_313,10% EtOH in growth media,Whole fly,SRX12705279,SRR16502433
DGRP_Line_313_Female_SAMN22427047,SAMN22427047,RNA-Seq,SINGLE,TRANSCRIPTOMIC,cDNA,Illumina HiSeq 2500,female,adult,DGRP_313,10% EtOH in growth media,Whole fly,SRX12705280,SRR16502434
DGRP_Line_313_Male_SAMN22427048,SAMN22427048,RNA-Seq,SINGLE,TRANSCRIPTOMIC,cDNA,Illumina HiSeq 2500,male,adult,DGRP_313,10% EtOH in growth media,Whole fly,SRX12705281,SRR16502435
DGRP_Line_313_Male_SAMN22427049,SAMN22427049,RNA-Seq,SINGLE,TRANSCRIPTOMIC,cDNA,Illumina HiSeq 2500,male,adult,DGRP_313,10% EtOH in growth media,Whole fly,SRX12705282,SRR16502436
DGRP_Line_315_Female_SAMN22427050,SAMN22427050,RNA-Seq,SINGLE,TRANSCRIPTOMIC,cDNA,Illumina HiSeq 2500,female,adult,DGRP_315,10% EtOH in growth media,Whole fly,SRX12705283,SRR16502437
DGRP_Line_315_Female_SAMN22427043,SAMN22427043,RNA-Seq,SINGLE,TRANSCRIPTOMIC,cDNA,Illumina HiSeq 2500,female,adult,DGRP_315,10% EtOH in growth media,Whole fly,SRX12705284,SRR16502438
DGRP_Line_315_Male_SAMN22427044,SAMN22427044,RNA-Seq,SINGLE,TRANSCRIPTOMIC,cDNA,Illumina HiSeq 2500,male,adult,DGRP_315,10% EtOH in growth media,Whole fly,SRX12705285,SRR16502439
DGRP_Line_315_Male_SAMN22427051,SAMN22427051,RNA-Seq,SINGLE,TRANSCRIPTOMIC,cDNA,Illumina HiSeq 2500,male,adult,DGRP_315,10% EtOH in growth media,Whole fly,SRX12705286,SRR16502440
DGRP_Line_318_Female_SAMN22427052,SAMN22427052,RNA-Seq,SINGLE,TRANSCRIPTOMIC,cDNA,Illumina HiSeq 2500,female,adult,DGRP_318,10% EtOH in growth media,Whole fly,SRX12705287,SRR16502441
DGRP_Line_318_Female_SAMN22427053,SAMN22427053,RNA-Seq,SINGLE,TRANSCRIPTOMIC,cDNA,Illumina HiSeq 2500,female,adult,DGRP_318,10% EtOH in growth media,Whole fly,SRX12705288,SRR16502442
DGRP_Line_318_Male_SAMN22427054,SAMN22427054,RNA-Seq,SINGLE,TRANSCRIPTOMIC,cDNA,Illumina HiSeq 2500,male,adult,DGRP_318,10% EtOH in growth media,Whole fly,SRX12705289,SRR16502443
DGRP_Line_318_Male_SAMN22427055,SAMN22427055,RNA-Seq,SINGLE,TRANSCRIPTOMIC,cDNA,Illumina HiSeq 2500,male,adult,DGRP_318,10% EtOH in growth media,Whole fly,SRX12705290,SRR16502444
DGRP_Line_320_Female_SAMN22426829,SAMN22426829,RNA-Seq,SINGLE,TRANSCRIPTOMIC,cDNA,Illumina HiSeq 2500,female,adult,DGRP_320,10% EtOH in growth media,Whole fly,SRX12705291,SRR16502445
DGRP_Line_320_Female_SAMN22426830,SAMN22426830,RNA-Seq,SINGLE,TRANSCRIPTOMIC,cDNA,Illumina HiSeq 2500,female,adult,DGRP_320,10% EtOH in growth media,Whole fly,SRX12705292,SRR16502446
DGRP_Line_320_Male_SAMN22426831,SAMN22426831,RNA-Seq,SINGLE,TRANSCRIPTOMIC,cDNA,Illumina HiSeq 2500,male,adult,DGRP_320,10% EtOH in growth media,Whole fly,SRX12705293,SRR16502447
DGRP_Line_320_Male_SAMN22426833,SAMN22426833,RNA-Seq,SINGLE,TRANSCRIPTOMIC,cDNA,Illumina HiSeq 2500,male,adult,DGRP_320,10% EtOH in growth media,Whole fly,SRX12705294,SRR16502448
DGRP_Line_324_Female_SAMN22426834,SAMN22426834,RNA-Seq,SINGLE,TRANSCRIPTOMIC,cDNA,Illumina HiSeq 2500,female,adult,DGRP_324,10% EtOH in growth media,Whole fly,SRX12705295,SRR16502449
DGRP_Line_324_Female_SAMN22426836,SAMN22426836,RNA-Seq,SINGLE,TRANSCRIPTOMIC,cDNA,Illumina HiSeq 2500,female,adult,DGRP_324,10% EtOH in growth media,Whole fly,SRX12705296,SRR16502450
DGRP_Line_324_Male_SAMN22426838,SAMN22426838,RNA-Seq,SINGLE,TRANSCRIPTOMIC,cDNA,Illumina HiSeq 2500,male,adult,DGRP_324,10% EtOH in growth media,Whole fly,SRX12705297,SRR16502451
DGRP_Line_324_Male_SAMN22426840,SAMN22426840,RNA-Seq,SINGLE,TRANSCRIPTOMIC,cDNA,Illumina HiSeq 2500,male,adult,DGRP_324,10% EtOH in growth media,Whole fly,SRX12705298,SRR16502452
DGRP_Line_335_Female_SAMN22426841,SAMN22426841,RNA-Seq,SINGLE,TRANSCRIPTOMIC,cDNA,Illumina HiSeq 2500,female,adult,DGRP_335,10% EtOH in growth media,Whole fly,SRX12705299,SRR16502453
DGRP_Line_335_Female_SAMN22426842,SAMN22426842,RNA-Seq,SINGLE,TRANSCRIPTOMIC,cDNA,Illumina HiSeq 2500,female,adult,DGRP_335,10% EtOH in growth media,Whole fly,SRX12705300,SRR16502454
DGRP_Line_335_Male_SAMN22426843,SAMN22426843,RNA-Seq,SINGLE,TRANSCRIPTOMIC,cDNA,Illumina HiSeq 2500,male,adult,DGRP_335,10% EtOH in growth media,Whole fly,SRX12705301,SRR16502455
DGRP_Line_335_Male_SAMN22426844,SAMN22426844,RNA-Seq,SINGLE,TRANSCRIPTOMIC,cDNA,Illumina HiSeq 2500,male,adult,DGRP_335,10% EtOH in growth media,Whole fly,SRX12705302,SRR16502456
DGRP_Line_340_Female_SAMN22426846,SAMN22426846,RNA-Seq,SINGLE,TRANSCRIPTOMIC,cDNA,Illumina HiSeq 2500,female,adult,DGRP_340,10% EtOH in growth media,Whole fly,SRX12705303,SRR16502457
DGRP_Line_340_Female_SAMN22426847,SAMN22426847,RNA-Seq,SINGLE,TRANSCRIPTOMIC,cDNA,Illumina HiSeq 2500,female,adult,DGRP_340,10% EtOH in growth media,Whole fly,SRX12705304,SRR16502458
DGRP_Line_340_Male_SAMN22426849,SAMN22426849,RNA-Seq,SINGLE,TRANSCRIPTOMIC,cDNA,Illumina HiSeq 2500,male,adult,DGRP_340,10% EtOH in growth media,Whole fly,SRX12705305,SRR16502459
DGRP_Line_340_Male_SAMN22426851,SAMN22426851,RNA-Seq,SINGLE,TRANSCRIPTOMIC,cDNA,Illumina HiSeq 2500,male,adult,DGRP_340,10% EtOH in growth media,Whole fly,SRX12705306,SRR16502460
DGRP_Line_355_Female_SAMN22426852,SAMN22426852,RNA-Seq,SINGLE,TRANSCRIPTOMIC,cDNA,Illumina HiSeq 2500,female,adult,DGRP_355,10% EtOH in growth media,Whole fly,SRX12705307,SRR16502461
DGRP_Line_355_Female_SAMN22426853,SAMN22426853,RNA-Seq,SINGLE,TRANSCRIPTOMIC,cDNA,Illumina HiSeq 2500,female,adult,DGRP_355,10% EtOH in growth media,Whole fly,SRX12705308,SRR16502462
DGRP_Line_355_Male_SAMN22426854,SAMN22426854,RNA-Seq,SINGLE,TRANSCRIPTOMIC,cDNA,Illumina HiSeq 2500,male,adult,DGRP_355,10% EtOH in growth media,Whole fly,SRX12705309,SRR16502463
DGRP_Line_355_Male_SAMN22426855,SAMN22426855,RNA-Seq,SINGLE,TRANSCRIPTOMIC,cDNA,Illumina HiSeq 2500,male,adult,DGRP_355,10% EtOH in growth media,Whole fly,SRX12705310,SRR16502464
DGRP_Line_358_Female_SAMN22426856,SAMN22426856,RNA-Seq,SINGLE,TRANSCRIPTOMIC,cDNA,Illumina HiSeq 2500,female,adult,DGRP_358,10% EtOH in growth media,Whole fly,SRX12705311,SRR16502465
DGRP_Line_358_Female_SAMN22426857,SAMN22426857,RNA-Seq,SINGLE,TRANSCRIPTOMIC,cDNA,Illumina HiSeq 2500,female,adult,DGRP_358,10% EtOH in growth media,Whole fly,SRX12705312,SRR16502466
DGRP_Line_358_Male_SAMN22426865,SAMN22426865,RNA-Seq,SINGLE,TRANSCRIPTOMIC,cDNA,Illumina HiSeq 2500,male,adult,DGRP_358,10% EtOH in growth media,Whole fly,SRX12705313,SRR16502467
DGRP_Line_358_Male_SAMN22426858,SAMN22426858,RNA-Seq,SINGLE,TRANSCRIPTOMIC,cDNA,Illumina HiSeq 2500,male,adult,DGRP_358,10% EtOH in growth media,Whole fly,SRX12705314,SRR16502468
DGRP_Line_360_Female_SAMN22426859,SAMN22426859,RNA-Seq,SINGLE,TRANSCRIPTOMIC,cDNA,Illumina HiSeq 2500,female,adult,DGRP_360,10% EtOH in growth media,Whole fly,SRX12705315,SRR16502469
DGRP_Line_360_Female_SAMN22426860,SAMN22426860,RNA-Seq,SINGLE,TRANSCRIPTOMIC,cDNA,Illumina HiSeq 2500,female,adult,DGRP_360,10% EtOH in growth media,Whole fly,SRX12705316,SRR16502470
DGRP_Line_360_Male_SAMN22426861,SAMN22426861,RNA-Seq,SINGLE,TRANSCRIPTOMIC,cDNA,Illumina HiSeq 2500,male,adult,DGRP_360,10% EtOH in growth media,Whole fly,SRX12705317,SRR16502471
DGRP_Line_360_Male_SAMN22426862,SAMN22426862,RNA-Seq,SINGLE,TRANSCRIPTOMIC,cDNA,Illumina HiSeq 2500,male,adult,DGRP_360,10% EtOH in growth media,Whole fly,SRX12705318,SRR16502472
DGRP_Line_362_Female_SAMN22426863,SAMN22426863,RNA-Seq,SINGLE,TRANSCRIPTOMIC,cDNA,Illumina HiSeq 2500,female,adult,DGRP_362,10% EtOH in growth media,Whole fly,SRX12705319,SRR16502473
DGRP_Line_362_Female_SAMN22426864,SAMN22426864,RNA-Seq,SINGLE,TRANSCRIPTOMIC,cDNA,Illumina HiSeq 2500,female,adult,DGRP_362,10% EtOH in growth media,Whole fly,SRX12705320,SRR16502474
DGRP_Line_362_Male_SAMN22426866,SAMN22426866,RNA-Seq,SINGLE,TRANSCRIPTOMIC,cDNA,Illumina HiSeq 2500,male,adult,DGRP_362,10% EtOH in growth media,Whole fly,SRX12705323,SRR16502475
DGRP_Line_362_Male_SAMN22426867,SAMN22426867,RNA-Seq,SINGLE,TRANSCRIPTOMIC,cDNA,Illumina HiSeq 2500,male,adult,DGRP_362,10% EtOH in growth media,Whole fly,SRX12705324,SRR16502476
DGRP_Line_365_Female_SAMN22426868,SAMN22426868,RNA-Seq,SINGLE,TRANSCRIPTOMIC,cDNA,Illumina HiSeq 2500,female,adult,DGRP_365,10% EtOH in growth media,Whole fly,SRX12705325,SRR16502477
DGRP_Line_365_Female_SAMN22426869,SAMN22426869,RNA-Seq,SINGLE,TRANSCRIPTOMIC,cDNA,Illumina HiSeq 2500,female,adult,DGRP_365,10% EtOH in growth media,Whole fly,SRX12705326,SRR16502478
DGRP_Line_365_Male_SAMN22426870,SAMN22426870,RNA-Seq,SINGLE,TRANSCRIPTOMIC,cDNA,Illumina HiSeq 2500,male,adult,DGRP_365,10% EtOH in growth media,Whole fly,SRX12705327,SRR16502479
DGRP_Line_365_Male_SAMN22426871,SAMN22426871,RNA-Seq,SINGLE,TRANSCRIPTOMIC,cDNA,Illumina HiSeq 2500,male,adult,DGRP_365,10% EtOH in growth media,Whole fly,SRX12705328,SRR16502480
DGRP_Line_367_Female_SAMN22426872,SAMN22426872,RNA-Seq,SINGLE,TRANSCRIPTOMIC,cDNA,Illumina HiSeq 2500,female,adult,DGRP_367,10% EtOH in growth media,Whole fly,SRX12705329,SRR16502481
DGRP_Line_367_Female_SAMN22426873,SAMN22426873,RNA-Seq,SINGLE,TRANSCRIPTOMIC,cDNA,Illumina HiSeq 2500,female,adult,DGRP_367,10% EtOH in growth media,Whole fly,SRX12705330,SRR16502482
DGRP_Line_367_Male_SAMN22426874,SAMN22426874,RNA-Seq,SINGLE,TRANSCRIPTOMIC,cDNA,Illumina HiSeq 2500,male,adult,DGRP_367,10% EtOH in growth media,Whole fly,SRX12705331,SRR16502483
DGRP_Line_367_Male_SAMN22426875,SAMN22426875,RNA-Seq,SINGLE,TRANSCRIPTOMIC,cDNA,Illumina HiSeq 2500,male,adult,DGRP_367,10% EtOH in growth media,Whole fly,SRX12705332,SRR16502484
DGRP_Line_370_Female_SAMN22426876,SAMN22426876,RNA-Seq,SINGLE,TRANSCRIPTOMIC,cDNA,Illumina HiSeq 2500,female,adult,DGRP_370,10% EtOH in growth media,Whole fly,SRX12705333,SRR16502485
DGRP_Line_370_Female_SAMN22426877,SAMN22426877,RNA-Seq,SINGLE,TRANSCRIPTOMIC,cDNA,Illumina HiSeq 2500,female,adult,DGRP_370,10% EtOH in growth media,Whole fly,SRX12705334,SRR16502486
DGRP_Line_370_Male_SAMN22426878,SAMN22426878,RNA-Seq,SINGLE,TRANSCRIPTOMIC,cDNA,Illumina HiSeq 2500,male,adult,DGRP_370,10% EtOH in growth media,Whole fly,SRX12705335,SRR16502487
DGRP_Line_370_Male_SAMN22426879,SAMN22426879,RNA-Seq,SINGLE,TRANSCRIPTOMIC,cDNA,Illumina HiSeq 2500,male,adult,DGRP_370,10% EtOH in growth media,Whole fly,SRX12705336,SRR16502488
DGRP_Line_371_Female_SAMN22426880,SAMN22426880,RNA-Seq,SINGLE,TRANSCRIPTOMIC,cDNA,Illumina HiSeq 2500,female,adult,DGRP_371,10% EtOH in growth media,Whole fly,SRX12705337,SRR16502489
DGRP_Line_371_Female_SAMN22426881,SAMN22426881,RNA-Seq,SINGLE,TRANSCRIPTOMIC,cDNA,Illumina HiSeq 2500,female,adult,DGRP_371,10% EtOH in growth media,Whole fly,SRX12705338,SRR16502490
DGRP_Line_371_Male_SAMN22426882,SAMN22426882,RNA-Seq,SINGLE,TRANSCRIPTOMIC,cDNA,Illumina HiSeq 2500,male,adult,DGRP_371,10% EtOH in growth media,Whole fly,SRX12705339,SRR16502491
DGRP_Line_371_Male_SAMN22426883,SAMN22426883,RNA-Seq,SINGLE,TRANSCRIPTOMIC,cDNA,Illumina HiSeq 2500,male,adult,DGRP_371,10% EtOH in growth media,Whole fly,SRX12705340,SRR16502492
DGRP_Line_374_Female_SAMN22426884,SAMN22426884,RNA-Seq,SINGLE,TRANSCRIPTOMIC,cDNA,Illumina HiSeq 2500,female,adult,DGRP_374,10% EtOH in growth media,Whole fly,SRX12705341,SRR16502493
DGRP_Line_374_Female_SAMN22426885,SAMN22426885,RNA-Seq,SINGLE,TRANSCRIPTOMIC,cDNA,Illumina HiSeq 2500,female,adult,DGRP_374,10% EtOH in growth media,Whole fly,SRX12705342,SRR16502494
DGRP_Line_374_Male_SAMN22426886,SAMN22426886,RNA-Seq,SINGLE,TRANSCRIPTOMIC,cDNA,Illumina HiSeq 2500,male,adult,DGRP_374,10% EtOH in growth media,Whole fly,SRX12705343,SRR16502495
DGRP_Line_374_Male_SAMN22426887,SAMN22426887,RNA-Seq,SINGLE,TRANSCRIPTOMIC,cDNA,Illumina HiSeq 2500,male,adult,DGRP_374,10% EtOH in growth media,Whole fly,SRX12705344,SRR16502496
DGRP_Line_375_Female_SAMN22426888,SAMN22426888,RNA-Seq,SINGLE,TRANSCRIPTOMIC,cDNA,Illumina HiSeq 2500,female,adult,DGRP_375,10% EtOH in growth media,Whole fly,SRX12705345,SRR16502497
DGRP_Line_375_Female_SAMN22426889,SAMN22426889,RNA-Seq,SINGLE,TRANSCRIPTOMIC,cDNA,Illumina HiSeq 2500,female,adult,DGRP_375,10% EtOH in growth media,Whole fly,SRX12705346,SRR16502498
DGRP_Line_375_Male_SAMN22426890,SAMN22426890,RNA-Seq,SINGLE,TRANSCRIPTOMIC,cDNA,Illumina HiSeq 2500,male,adult,DGRP_375,10% EtOH in growth media,Whole fly,SRX12705347,SRR16502499
DGRP_Line_375_Male_SAMN22426891,SAMN22426891,RNA-Seq,SINGLE,TRANSCRIPTOMIC,cDNA,Illumina HiSeq 2500,male,adult,DGRP_375,10% EtOH in growth media,Whole fly,SRX12705348,SRR16502500
DGRP_Line_379_Female_SAMN22426892,SAMN22426892,RNA-Seq,SINGLE,TRANSCRIPTOMIC,cDNA,Illumina HiSeq 2500,female,adult,DGRP_379,10% EtOH in growth media,Whole fly,SRX12705349,SRR16502501
DGRP_Line_379_Female_SAMN22426893,SAMN22426893,RNA-Seq,SINGLE,TRANSCRIPTOMIC,cDNA,Illumina HiSeq 2500,female,adult,DGRP_379,10% EtOH in growth media,Whole fly,SRX12705350,SRR16502502
DGRP_Line_379_Male_SAMN22426894,SAMN22426894,RNA-Seq,SINGLE,TRANSCRIPTOMIC,cDNA,Illumina HiSeq 2500,male,adult,DGRP_379,10% EtOH in growth media,Whole fly,SRX12705351,SRR16502503
DGRP_Line_379_Male_SAMN22427216,SAMN22427216,RNA-Seq,SINGLE,TRANSCRIPTOMIC,cDNA,Illumina HiSeq 2500,male,adult,DGRP_379,10% EtOH in growth media,Whole fly,SRX12705352,SRR16502504
DGRP_Line_380_Female_SAMN22427217,SAMN22427217,RNA-Seq,SINGLE,TRANSCRIPTOMIC,cDNA,Illumina HiSeq 2500,female,adult,DGRP_380,10% EtOH in growth media,Whole fly,SRX12705353,SRR16502505
DGRP_Line_380_Female_SAMN22427218,SAMN22427218,RNA-Seq,SINGLE,TRANSCRIPTOMIC,cDNA,Illumina HiSeq 2500,female,adult,DGRP_380,10% EtOH in growth media,Whole fly,SRX12705354,SRR16502506
DGRP_Line_380_Male_SAMN22427219,SAMN22427219,RNA-Seq,SINGLE,TRANSCRIPTOMIC,cDNA,Illumina HiSeq 2500,male,adult,DGRP_380,10% EtOH in growth media,Whole fly,SRX12705355,SRR16502507
DGRP_Line_380_Male_SAMN22427220,SAMN22427220,RNA-Seq,SINGLE,TRANSCRIPTOMIC,cDNA,Illumina HiSeq 2500,male,adult,DGRP_380,10% EtOH in growth media,Whole fly,SRX12705356,SRR16502508
DGRP_Line_382_Female_SAMN22427221,SAMN22427221,RNA-Seq,SINGLE,TRANSCRIPTOMIC,cDNA,Illumina HiSeq 2500,female,adult,DGRP_382,10% EtOH in growth media,Whole fly,SRX12705357,SRR16502509
DGRP_Line_382_Female_SAMN22427222,SAMN22427222,RNA-Seq,SINGLE,TRANSCRIPTOMIC,cDNA,Illumina HiSeq 2500,female,adult,DGRP_382,10% EtOH in growth media,Whole fly,SRX12705358,SRR16502510
DGRP_Line_382_Male_SAMN22427223,SAMN22427223,RNA-Seq,SINGLE,TRANSCRIPTOMIC,cDNA,Illumina HiSeq 2500,male,adult,DGRP_382,10% EtOH in growth media,Whole fly,SRX12705359,SRR16502511
DGRP_Line_382_Male_SAMN22427224,SAMN22427224,RNA-Seq,SINGLE,TRANSCRIPTOMIC,cDNA,Illumina HiSeq 2500,male,adult,DGRP_382,10% EtOH in growth media,Whole fly,SRX12705360,SRR16502512
DGRP_Line_383_Female_SAMN22427225,SAMN22427225,RNA-Seq,SINGLE,TRANSCRIPTOMIC,cDNA,Illumina HiSeq 2500,female,adult,DGRP_383,10% EtOH in growth media,Whole fly,SRX12705361,SRR16502513
DGRP_Line_383_Female_SAMN22427226,SAMN22427226,RNA-Seq,SINGLE,TRANSCRIPTOMIC,cDNA,Illumina HiSeq 2500,female,adult,DGRP_383,10% EtOH in growth media,Whole fly,SRX12705362,SRR16502514
DGRP_Line_383_Male_SAMN22427227,SAMN22427227,RNA-Seq,SINGLE,TRANSCRIPTOMIC,cDNA,Illumina HiSeq 2500,male,adult,DGRP_383,10% EtOH in growth media,Whole fly,SRX12705363,SRR16502515
DGRP_Line_383_Male_SAMN22427228,SAMN22427228,RNA-Seq,SINGLE,TRANSCRIPTOMIC,cDNA,Illumina HiSeq 2500,male,adult,DGRP_383,10% EtOH in growth media,Whole fly,SRX12705364,SRR16502516
DGRP_Line_385_Female_SAMN22427229,SAMN22427229,RNA-Seq,SINGLE,TRANSCRIPTOMIC,cDNA,Illumina HiSeq 2500,female,adult,DGRP_385,10% EtOH in growth media,Whole fly,SRX12705365,SRR16502517
DGRP_Line_385_Female_SAMN22427230,SAMN22427230,RNA-Seq,SINGLE,TRANSCRIPTOMIC,cDNA,Illumina HiSeq 2500,female,adult,DGRP_385,10% EtOH in growth media,Whole fly,SRX12705366,SRR16502518
DGRP_Line_385_Male_SAMN22427231,SAMN22427231,RNA-Seq,SINGLE,TRANSCRIPTOMIC,cDNA,Illumina HiSeq 2500,male,adult,DGRP_385,10% EtOH in growth media,Whole fly,SRX12705367,SRR16502519
DGRP_Line_385_Male_SAMN22427203,SAMN22427203,RNA-Seq,SINGLE,TRANSCRIPTOMIC,cDNA,Illumina HiSeq 2500,male,adult,DGRP_385,10% EtOH in growth media,Whole fly,SRX12705368,SRR16502520
DGRP_Line_386_Female_SAMN22427204,SAMN22427204,RNA-Seq,SINGLE,TRANSCRIPTOMIC,cDNA,Illumina HiSeq 2500,female,adult,DGRP_386,10% EtOH in growth media,Whole fly,SRX12705369,SRR16502521
DGRP_Line_386_Female_SAMN22427205,SAMN22427205,RNA-Seq,SINGLE,TRANSCRIPTOMIC,cDNA,Illumina HiSeq 2500,female,adult,DGRP_386,10% EtOH in growth media,Whole fly,SRX12705370,SRR16502522
DGRP_Line_386_Male_SAMN22427206,SAMN22427206,RNA-Seq,SINGLE,TRANSCRIPTOMIC,cDNA,Illumina HiSeq 2500,male,adult,DGRP_386,10% EtOH in growth media,Whole fly,SRX12705371,SRR16502523
DGRP_Line_386_Male_SAMN22427207,SAMN22427207,RNA-Seq,SINGLE,TRANSCRIPTOMIC,cDNA,Illumina HiSeq 2500,male,adult,DGRP_386,10% EtOH in growth media,Whole fly,SRX12705372,SRR16502524
DGRP_Line_399_Female_SAMN22427208,SAMN22427208,RNA-Seq,SINGLE,TRANSCRIPTOMIC,cDNA,Illumina HiSeq 2500,female,adult,DGRP_399,10% EtOH in growth media,Whole fly,SRX12705373,SRR16502525
DGRP_Line_399_Female_SAMN22427209,SAMN22427209,RNA-Seq,SINGLE,TRANSCRIPTOMIC,cDNA,Illumina HiSeq 2500,female,adult,DGRP_399,10% EtOH in growth media,Whole fly,SRX12705374,SRR16502526
DGRP_Line_399_Male_SAMN22427210,SAMN22427210,RNA-Seq,SINGLE,TRANSCRIPTOMIC,cDNA,Illumina HiSeq 2500,male,adult,DGRP_399,10% EtOH in growth media,Whole fly,SRX12705375,SRR16502527
DGRP_Line_399_Male_SAMN22427211,SAMN22427211,RNA-Seq,SINGLE,TRANSCRIPTOMIC,cDNA,Illumina HiSeq 2500,male,adult,DGRP_399,10% EtOH in growth media,Whole fly,SRX12705376,SRR16502528
DGRP_Line_406_Female_SAMN22427212,SAMN22427212,RNA-Seq,SINGLE,TRANSCRIPTOMIC,cDNA,Illumina HiSeq 2500,female,adult,DGRP_406,10% EtOH in growth media,Whole fly,SRX12705377,SRR16502529
DGRP_Line_406_Female_SAMN22427213,SAMN22427213,RNA-Seq,SINGLE,TRANSCRIPTOMIC,cDNA,Illumina HiSeq 2500,female,adult,DGRP_406,10% EtOH in growth media,Whole fly,SRX12705378,SRR16502530
DGRP_Line_406_Male_SAMN22427214,SAMN22427214,RNA-Seq,SINGLE,TRANSCRIPTOMIC,cDNA,Illumina HiSeq 2500,male,adult,DGRP_406,10% EtOH in growth media,Whole fly,SRX12705379,SRR16502531
DGRP_Line_406_Male_SAMN22427215,SAMN22427215,RNA-Seq,SINGLE,TRANSCRIPTOMIC,cDNA,Illumina HiSeq 2500,male,adult,DGRP_406,10% EtOH in growth media,Whole fly,SRX12705380,SRR16502532
DGRP_Line_40_Female_SAMN22426979,SAMN22426979,RNA-Seq,SINGLE,TRANSCRIPTOMIC,cDNA,Illumina HiSeq 2500,female,adult,DGRP_40,10% EtOH in growth media,Whole fly,SRX12705381,SRR16502533
DGRP_Line_40_Female_SAMN22426980,SAMN22426980,RNA-Seq,SINGLE,TRANSCRIPTOMIC,cDNA,Illumina HiSeq 2500,female,adult,DGRP_40,10% EtOH in growth media,Whole fly,SRX12705382,SRR16502534
DGRP_Line_40_Male_SAMN22426981,SAMN22426981,RNA-Seq,SINGLE,TRANSCRIPTOMIC,cDNA,Illumina HiSeq 2500,male,adult,DGRP_40,10% EtOH in growth media,Whole fly,SRX12705383,SRR16502535
DGRP_Line_40_Male_SAMN22426982,SAMN22426982,RNA-Seq,SINGLE,TRANSCRIPTOMIC,cDNA,Illumina HiSeq 2500,male,adult,DGRP_40,10% EtOH in growth media,Whole fly,SRX12705384,SRR16502536
DGRP_Line_427_Female_SAMN22426983,SAMN22426983,RNA-Seq,SINGLE,TRANSCRIPTOMIC,cDNA,Illumina HiSeq 2500,female,adult,DGRP_427,10% EtOH in growth media,Whole fly,SRX12705385,SRR16502537
DGRP_Line_427_Female_SAMN22426984,SAMN22426984,RNA-Seq,SINGLE,TRANSCRIPTOMIC,cDNA,Illumina HiSeq 2500,female,adult,DGRP_427,10% EtOH in growth media,Whole fly,SRX12705386,SRR16502538
DGRP_Line_427_Male_SAMN22426986,SAMN22426986,RNA-Seq,SINGLE,TRANSCRIPTOMIC,cDNA,Illumina HiSeq 2500,male,adult,DGRP_427,10% EtOH in growth media,Whole fly,SRX12705388,SRR16502540
DGRP_Line_437_Female_SAMN22426987,SAMN22426987,RNA-Seq,SINGLE,TRANSCRIPTOMIC,cDNA,Illumina HiSeq 2500,female,adult,DGRP_437,10% EtOH in growth media,Whole fly,SRX12705389,SRR16502541
DGRP_Line_437_Female_SAMN22426988,SAMN22426988,RNA-Seq,SINGLE,TRANSCRIPTOMIC,cDNA,Illumina HiSeq 2500,female,adult,DGRP_437,10% EtOH in growth media,Whole fly,SRX12705390,SRR16502542
DGRP_Line_437_Male_SAMN22426989,SAMN22426989,RNA-Seq,SINGLE,TRANSCRIPTOMIC,cDNA,Illumina HiSeq 2500,male,adult,DGRP_437,10% EtOH in growth media,Whole fly,SRX12705391,SRR16502543
DGRP_Line_437_Male_SAMN22426990,SAMN22426990,RNA-Seq,SINGLE,TRANSCRIPTOMIC,cDNA,Illumina HiSeq 2500,male,adult,DGRP_437,10% EtOH in growth media,Whole fly,SRX12705392,SRR16502544
DGRP_Line_439_Female_SAMN22426991,SAMN22426991,RNA-Seq,SINGLE,TRANSCRIPTOMIC,cDNA,Illumina HiSeq 2500,female,adult,DGRP_439,10% EtOH in growth media,Whole fly,SRX12705393,SRR16502545
DGRP_Line_439_Female_SAMN22426992,SAMN22426992,RNA-Seq,SINGLE,TRANSCRIPTOMIC,cDNA,Illumina HiSeq 2500,female,adult,DGRP_439,10% EtOH in growth media,Whole fly,SRX12705394,SRR16502546
DGRP_Line_439_Male_SAMN22426993,SAMN22426993,RNA-Seq,SINGLE,TRANSCRIPTOMIC,cDNA,Illumina HiSeq 2500,male,adult,DGRP_439,10% EtOH in growth media,Whole fly,SRX12705395,SRR16502547
DGRP_Line_439_Male_SAMN22426994,SAMN22426994,RNA-Seq,SINGLE,TRANSCRIPTOMIC,cDNA,Illumina HiSeq 2500,male,adult,DGRP_439,10% EtOH in growth media,Whole fly,SRX12705396,SRR16502548
DGRP_Line_441_Female_SAMN22426995,SAMN22426995,RNA-Seq,SINGLE,TRANSCRIPTOMIC,cDNA,Illumina HiSeq 2500,female,adult,DGRP_441,10% EtOH in growth media,Whole fly,SRX12705397,SRR16502549
DGRP_Line_441_Female_SAMN22426996,SAMN22426996,RNA-Seq,SINGLE,TRANSCRIPTOMIC,cDNA,Illumina HiSeq 2500,female,adult,DGRP_441,10% EtOH in growth media,Whole fly,SRX12705398,SRR16502550
DGRP_Line_441_Male_SAMN22426997,SAMN22426997,RNA-Seq,SINGLE,TRANSCRIPTOMIC,cDNA,Illumina HiSeq 2500,male,adult,DGRP_441,10% EtOH in growth media,Whole fly,SRX12705399,SRR16502551
DGRP_Line_441_Male_SAMN22426998,SAMN22426998,RNA-Seq,SINGLE,TRANSCRIPTOMIC,cDNA,Illumina HiSeq 2500,male,adult,DGRP_441,10% EtOH in growth media,Whole fly,SRX12705400,SRR16502552
DGRP_Line_45_Female_SAMN22426999,SAMN22426999,RNA-Seq,SINGLE,TRANSCRIPTOMIC,cDNA,Illumina HiSeq 2500,female,adult,DGRP_45,10% EtOH in growth media,Whole fly,SRX12705401,SRR16502553
DGRP_Line_45_Female_SAMN22427000,SAMN22427000,RNA-Seq,SINGLE,TRANSCRIPTOMIC,cDNA,Illumina HiSeq 2500,female,adult,DGRP_45,10% EtOH in growth media,Whole fly,SRX12705402,SRR16502554
DGRP_Line_45_Male_SAMN22427001,SAMN22427001,RNA-Seq,SINGLE,TRANSCRIPTOMIC,cDNA,Illumina HiSeq 2500,male,adult,DGRP_45,10% EtOH in growth media,Whole fly,SRX12705403,SRR16502555
DGRP_Line_45_Male_SAMN22427019,SAMN22427019,RNA-Seq,SINGLE,TRANSCRIPTOMIC,cDNA,Illumina HiSeq 2500,male,adult,DGRP_45,10% EtOH in growth media,Whole fly,SRX12705404,SRR16502556
DGRP_Line_461_Female_SAMN22427144,SAMN22427144,RNA-Seq,SINGLE,TRANSCRIPTOMIC,cDNA,Illumina HiSeq 2500,female,adult,DGRP_461,10% EtOH in growth media,Whole fly,SRX12705405,SRR16502557
DGRP_Line_461_Female_SAMN22427020,SAMN22427020,RNA-Seq,SINGLE,TRANSCRIPTOMIC,cDNA,Illumina HiSeq 2500,female,adult,DGRP_461,10% EtOH in growth media,Whole fly,SRX12705406,SRR16502558
DGRP_Line_461_Male_SAMN22427021,SAMN22427021,RNA-Seq,SINGLE,TRANSCRIPTOMIC,cDNA,Illumina HiSeq 2500,male,adult,DGRP_461,10% EtOH in growth media,Whole fly,SRX12705407,SRR16502559
DGRP_Line_461_Male_SAMN22427022,SAMN22427022,RNA-Seq,SINGLE,TRANSCRIPTOMIC,cDNA,Illumina HiSeq 2500,male,adult,DGRP_461,10% EtOH in growth media,Whole fly,SRX12705408,SRR16502560
DGRP_Line_486_Female_SAMN22427023,SAMN22427023,RNA-Seq,SINGLE,TRANSCRIPTOMIC,cDNA,Illumina HiSeq 2500,female,adult,DGRP_486,10% EtOH in growth media,Whole fly,SRX12705409,SRR16502561
DGRP_Line_486_Female_SAMN22427024,SAMN22427024,RNA-Seq,SINGLE,TRANSCRIPTOMIC,cDNA,Illumina HiSeq 2500,female,adult,DGRP_486,10% EtOH in growth media,Whole fly,SRX12705410,SRR16502562
DGRP_Line_486_Male_SAMN22427025,SAMN22427025,RNA-Seq,SINGLE,TRANSCRIPTOMIC,cDNA,Illumina HiSeq 2500,male,adult,DGRP_486,10% EtOH in growth media,Whole fly,SRX12705411,SRR16502563
DGRP_Line_486_Male_SAMN22427143,SAMN22427143,RNA-Seq,SINGLE,TRANSCRIPTOMIC,cDNA,Illumina HiSeq 2500,male,adult,DGRP_486,10% EtOH in growth media,Whole fly,SRX12705412,SRR16502564
DGRP_Line_49_Female_SAMN22427145,SAMN22427145,RNA-Seq,SINGLE,TRANSCRIPTOMIC,cDNA,Illumina HiSeq 2500,female,adult,DGRP_49,10% EtOH in growth media,Whole fly,SRX12705413,SRR16502565
DGRP_Line_49_Female_SAMN22427146,SAMN22427146,RNA-Seq,SINGLE,TRANSCRIPTOMIC,cDNA,Illumina HiSeq 2500,female,adult,DGRP_49,10% EtOH in growth media,Whole fly,SRX12705414,SRR16502566
DGRP_Line_49_Male_SAMN22427147,SAMN22427147,RNA-Seq,SINGLE,TRANSCRIPTOMIC,cDNA,Illumina HiSeq 2500,male,adult,DGRP_49,10% EtOH in growth media,Whole fly,SRX12705415,SRR16502567
DGRP_Line_49_Male_SAMN22427148,SAMN22427148,RNA-Seq,SINGLE,TRANSCRIPTOMIC,cDNA,Illumina HiSeq 2500,male,adult,DGRP_49,10% EtOH in growth media,Whole fly,SRX12705416,SRR16502568
DGRP_Line_505_Female_SAMN22427133,SAMN22427133,RNA-Seq,SINGLE,TRANSCRIPTOMIC,cDNA,Illumina HiSeq 2500,female,adult,DGRP_505,10% EtOH in growth media,Whole fly,SRX12705417,SRR16502569
DGRP_Line_505_Female_SAMN22427134,SAMN22427134,RNA-Seq,SINGLE,TRANSCRIPTOMIC,cDNA,Illumina HiSeq 2500,female,adult,DGRP_505,10% EtOH in growth media,Whole fly,SRX12705418,SRR16502570
DGRP_Line_505_Male_SAMN22427135,SAMN22427135,RNA-Seq,SINGLE,TRANSCRIPTOMIC,cDNA,Illumina HiSeq 2500,male,adult,DGRP_505,10% EtOH in growth media,Whole fly,SRX12705419,SRR16502571
DGRP_Line_505_Male_SAMN22427136,SAMN22427136,RNA-Seq,SINGLE,TRANSCRIPTOMIC,cDNA,Illumina HiSeq 2500,male,adult,DGRP_505,10% EtOH in growth media,Whole fly,SRX12705420,SRR16502572
DGRP_Line_513_Female_SAMN22427137,SAMN22427137,RNA-Seq,SINGLE,TRANSCRIPTOMIC,cDNA,Illumina HiSeq 2500,female,adult,DGRP_513,10% EtOH in growth media,Whole fly,SRX12705421,SRR16502573
DGRP_Line_513_Female_SAMN22427138,SAMN22427138,RNA-Seq,SINGLE,TRANSCRIPTOMIC,cDNA,Illumina HiSeq 2500,female,adult,DGRP_513,10% EtOH in growth media,Whole fly,SRX12705422,SRR16502574
DGRP_Line_513_Male_SAMN22427139,SAMN22427139,RNA-Seq,SINGLE,TRANSCRIPTOMIC,cDNA,Illumina HiSeq 2500,male,adult,DGRP_513,10% EtOH in growth media,Whole fly,SRX12705423,SRR16502575
DGRP_Line_513_Male_SAMN22427140,SAMN22427140,RNA-Seq,SINGLE,TRANSCRIPTOMIC,cDNA,Illumina HiSeq 2500,male,adult,DGRP_513,10% EtOH in growth media,Whole fly,SRX12705424,SRR16502576
DGRP_Line_517_Female_SAMN22427141,SAMN22427141,RNA-Seq,SINGLE,TRANSCRIPTOMIC,cDNA,Illumina HiSeq 2500,female,adult,DGRP_517,10% EtOH in growth media,Whole fly,SRX12705425,SRR16502577
DGRP_Line_517_Female_SAMN22427142,SAMN22427142,RNA-Seq,SINGLE,TRANSCRIPTOMIC,cDNA,Illumina HiSeq 2500,female,adult,DGRP_517,10% EtOH in growth media,Whole fly,SRX12705426,SRR16502578
DGRP_Line_517_Male_SAMN22427102,SAMN22427102,RNA-Seq,SINGLE,TRANSCRIPTOMIC,cDNA,Illumina HiSeq 2500,male,adult,DGRP_517,10% EtOH in growth media,Whole fly,SRX12705427,SRR16502579
DGRP_Line_517_Male_SAMN22427103,SAMN22427103,RNA-Seq,SINGLE,TRANSCRIPTOMIC,cDNA,Illumina HiSeq 2500,male,adult,DGRP_517,10% EtOH in growth media,Whole fly,SRX12705428,SRR16502580
DGRP_Line_530_Female_SAMN22427104,SAMN22427104,RNA-Seq,SINGLE,TRANSCRIPTOMIC,cDNA,Illumina HiSeq 2500,female,adult,DGRP_530,10% EtOH in growth media,Whole fly,SRX12705429,SRR16502581
DGRP_Line_530_Female_SAMN22427109,SAMN22427109,RNA-Seq,SINGLE,TRANSCRIPTOMIC,cDNA,Illumina HiSeq 2500,female,adult,DGRP_530,10% EtOH in growth media,Whole fly,SRX12705430,SRR16502582
DGRP_Line_530_Male_SAMN22427110,SAMN22427110,RNA-Seq,SINGLE,TRANSCRIPTOMIC,cDNA,Illumina HiSeq 2500,male,adult,DGRP_530,10% EtOH in growth media,Whole fly,SRX12705431,SRR16502583
DGRP_Line_530_Male_SAMN22427111,SAMN22427111,RNA-Seq,SINGLE,TRANSCRIPTOMIC,cDNA,Illumina HiSeq 2500,male,adult,DGRP_530,10% EtOH in growth media,Whole fly,SRX12705432,SRR16502584
DGRP_Line_555_Female_SAMN22427112,SAMN22427112,RNA-Seq,SINGLE,TRANSCRIPTOMIC,cDNA,Illumina HiSeq 2500,female,adult,DGRP_555,10% EtOH in growth media,Whole fly,SRX12705433,SRR16502585
DGRP_Line_555_Female_SAMN22427113,SAMN22427113,RNA-Seq,SINGLE,TRANSCRIPTOMIC,cDNA,Illumina HiSeq 2500,female,adult,DGRP_555,10% EtOH in growth media,Whole fly,SRX12705434,SRR16502586
DGRP_Line_555_Male_SAMN22427114,SAMN22427114,RNA-Seq,SINGLE,TRANSCRIPTOMIC,cDNA,Illumina HiSeq 2500,male,adult,DGRP_555,10% EtOH in growth media,Whole fly,SRX12705435,SRR16502587
DGRP_Line_555_Male_SAMN22427106,SAMN22427106,RNA-Seq,SINGLE,TRANSCRIPTOMIC,cDNA,Illumina HiSeq 2500,male,adult,DGRP_555,10% EtOH in growth media,Whole fly,SRX12705436,SRR16502588
DGRP_Line_57_Female_SAMN22427107,SAMN22427107,RNA-Seq,SINGLE,TRANSCRIPTOMIC,cDNA,Illumina HiSeq 2500,female,adult,DGRP_57,10% EtOH in growth media,Whole fly,SRX12705437,SRR16502589
DGRP_Line_57_Female_SAMN22427108,SAMN22427108,RNA-Seq,SINGLE,TRANSCRIPTOMIC,cDNA,Illumina HiSeq 2500,female,adult,DGRP_57,10% EtOH in growth media,Whole fly,SRX12705438,SRR16502590
DGRP_Line_57_Male_SAMN22427115,SAMN22427115,RNA-Seq,SINGLE,TRANSCRIPTOMIC,cDNA,Illumina HiSeq 2500,male,adult,DGRP_57,10% EtOH in growth media,Whole fly,SRX12705439,SRR16502591
DGRP_Line_57_Male_SAMN22427116,SAMN22427116,RNA-Seq,SINGLE,TRANSCRIPTOMIC,cDNA,Illumina HiSeq 2500,male,adult,DGRP_57,10% EtOH in growth media,Whole fly,SRX12705440,SRR16502592
DGRP_Line_589_Female_SAMN22427117,SAMN22427117,RNA-Seq,SINGLE,TRANSCRIPTOMIC,cDNA,Illumina HiSeq 2500,female,adult,DGRP_589,10% EtOH in growth media,Whole fly,SRX12705441,SRR16502593
DGRP_Line_589_Female_SAMN22427118,SAMN22427118,RNA-Seq,SINGLE,TRANSCRIPTOMIC,cDNA,Illumina HiSeq 2500,female,adult,DGRP_589,10% EtOH in growth media,Whole fly,SRX12705442,SRR16502594
DGRP_Line_589_Male_SAMN22427119,SAMN22427119,RNA-Seq,SINGLE,TRANSCRIPTOMIC,cDNA,Illumina HiSeq 2500,male,adult,DGRP_589,10% EtOH in growth media,Whole fly,SRX12705443,SRR16502595
DGRP_Line_589_Male_SAMN22427120,SAMN22427120,RNA-Seq,SINGLE,TRANSCRIPTOMIC,cDNA,Illumina HiSeq 2500,male,adult,DGRP_589,10% EtOH in growth media,Whole fly,SRX12705444,SRR16502596
DGRP_Line_596_Female_SAMN22427121,SAMN22427121,RNA-Seq,SINGLE,TRANSCRIPTOMIC,cDNA,Illumina HiSeq 2500,female,adult,DGRP_596,10% EtOH in growth media,Whole fly,SRX12705445,SRR16502597
DGRP_Line_596_Female_SAMN22427122,SAMN22427122,RNA-Seq,SINGLE,TRANSCRIPTOMIC,cDNA,Illumina HiSeq 2500,female,adult,DGRP_596,10% EtOH in growth media,Whole fly,SRX12705446,SRR16502598
DGRP_Line_596_Male_SAMN22427123,SAMN22427123,RNA-Seq,SINGLE,TRANSCRIPTOMIC,cDNA,Illumina HiSeq 2500,male,adult,DGRP_596,10% EtOH in growth media,Whole fly,SRX12705447,SRR16502599
DGRP_Line_596_Male_SAMN22427124,SAMN22427124,RNA-Seq,SINGLE,TRANSCRIPTOMIC,cDNA,Illumina HiSeq 2500,male,adult,DGRP_596,10% EtOH in growth media,Whole fly,SRX12705448,SRR16502600
DGRP_Line_59_Female_SAMN22427125,SAMN22427125,RNA-Seq,SINGLE,TRANSCRIPTOMIC,cDNA,Illumina HiSeq 2500,female,adult,DGRP_59,10% EtOH in growth media,Whole fly,SRX12705449,SRR16502601
DGRP_Line_59_Female_SAMN22427126,SAMN22427126,RNA-Seq,SINGLE,TRANSCRIPTOMIC,cDNA,Illumina HiSeq 2500,female,adult,DGRP_59,10% EtOH in growth media,Whole fly,SRX12705450,SRR16502602
DGRP_Line_59_Male_SAMN22427127,SAMN22427127,RNA-Seq,SINGLE,TRANSCRIPTOMIC,cDNA,Illumina HiSeq 2500,male,adult,DGRP_59,10% EtOH in growth media,Whole fly,SRX12705451,SRR16502603
DGRP_Line_59_Male_SAMN22427128,SAMN22427128,RNA-Seq,SINGLE,TRANSCRIPTOMIC,cDNA,Illumina HiSeq 2500,male,adult,DGRP_59,10% EtOH in growth media,Whole fly,SRX12705452,SRR16502604
DGRP_Line_703_Female_SAMN22427129,SAMN22427129,RNA-Seq,SINGLE,TRANSCRIPTOMIC,cDNA,Illumina HiSeq 2500,female,adult,DGRP_703,10% EtOH in growth media,Whole fly,SRX12705453,SRR16502605
DGRP_Line_703_Female_SAMN22427130,SAMN22427130,RNA-Seq,SINGLE,TRANSCRIPTOMIC,cDNA,Illumina HiSeq 2500,female,adult,DGRP_703,10% EtOH in growth media,Whole fly,SRX12705454,SRR16502606
DGRP_Line_703_Male_SAMN22427131,SAMN22427131,RNA-Seq,SINGLE,TRANSCRIPTOMIC,cDNA,Illumina HiSeq 2500,male,adult,DGRP_703,10% EtOH in growth media,Whole fly,SRX12705455,SRR16502607
DGRP_Line_703_Male_SAMN22427132,SAMN22427132,RNA-Seq,SINGLE,TRANSCRIPTOMIC,cDNA,Illumina HiSeq 2500,male,adult,DGRP_703,10% EtOH in growth media,Whole fly,SRX12705456,SRR16502608
DGRP_Line_705_Female_SAMN22427056,SAMN22427056,RNA-Seq,SINGLE,TRANSCRIPTOMIC,cDNA,Illumina HiSeq 2500,female,adult,DGRP_705,10% EtOH in growth media,Whole fly,SRX12705457,SRR16502609
DGRP_Line_705_Female_SAMN22427057,SAMN22427057,RNA-Seq,SINGLE,TRANSCRIPTOMIC,cDNA,Illumina HiSeq 2500,female,adult,DGRP_705,10% EtOH in growth media,Whole fly,SRX12705458,SRR16502610
DGRP_Line_705_Male_SAMN22427058,SAMN22427058,RNA-Seq,SINGLE,TRANSCRIPTOMIC,cDNA,Illumina HiSeq 2500,male,adult,DGRP_705,10% EtOH in growth media,Whole fly,SRX12705459,SRR16502611
DGRP_Line_705_Male_SAMN22427059,SAMN22427059,RNA-Seq,SINGLE,TRANSCRIPTOMIC,cDNA,Illumina HiSeq 2500,male,adult,DGRP_705,10% EtOH in growth media,Whole fly,SRX12705460,SRR16502612
DGRP_Line_707_Female_SAMN22427060,SAMN22427060,RNA-Seq,SINGLE,TRANSCRIPTOMIC,cDNA,Illumina HiSeq 2500,female,adult,DGRP_707,10% EtOH in growth media,Whole fly,SRX12705461,SRR16502613
DGRP_Line_707_Female_SAMN22427061,SAMN22427061,RNA-Seq,SINGLE,TRANSCRIPTOMIC,cDNA,Illumina HiSeq 2500,female,adult,DGRP_707,10% EtOH in growth media,Whole fly,SRX12705462,SRR16502614
DGRP_Line_707_Male_SAMN22427062,SAMN22427062,RNA-Seq,SINGLE,TRANSCRIPTOMIC,cDNA,Illumina HiSeq 2500,male,adult,DGRP_707,10% EtOH in growth media,Whole fly,SRX12705463,SRR16502615
DGRP_Line_707_Male_SAMN22427064,SAMN22427064,RNA-Seq,SINGLE,TRANSCRIPTOMIC,cDNA,Illumina HiSeq 2500,male,adult,DGRP_707,10% EtOH in growth media,Whole fly,SRX12705464,SRR16502616
DGRP_Line_712_Female_SAMN22427067,SAMN22427067,RNA-Seq,SINGLE,TRANSCRIPTOMIC,cDNA,Illumina HiSeq 2500,female,adult,DGRP_712,10% EtOH in growth media,Whole fly,SRX12705465,SRR16502617
DGRP_Line_712_Female_SAMN22427069,SAMN22427069,RNA-Seq,SINGLE,TRANSCRIPTOMIC,cDNA,Illumina HiSeq 2500,female,adult,DGRP_712,10% EtOH in growth media,Whole fly,SRX12705466,SRR16502618
DGRP_Line_712_Male_SAMN22427070,SAMN22427070,RNA-Seq,SINGLE,TRANSCRIPTOMIC,cDNA,Illumina HiSeq 2500,male,adult,DGRP_712,10% EtOH in growth media,Whole fly,SRX12705467,SRR16502619
DGRP_Line_712_Male_SAMN22427072,SAMN22427072,RNA-Seq,SINGLE,TRANSCRIPTOMIC,cDNA,Illumina HiSeq 2500,male,adult,DGRP_712,10% EtOH in growth media,Whole fly,SRX12705468,SRR16502620
DGRP_Line_716_Female_SAMN22427073,SAMN22427073,RNA-Seq,SINGLE,TRANSCRIPTOMIC,cDNA,Illumina HiSeq 2500,female,adult,DGRP_716,10% EtOH in growth media,Whole fly,SRX12705469,SRR16502621
DGRP_Line_716_Female_SAMN22427075,SAMN22427075,RNA-Seq,SINGLE,TRANSCRIPTOMIC,cDNA,Illumina HiSeq 2500,female,adult,DGRP_716,10% EtOH in growth media,Whole fly,SRX12705470,SRR16502622
DGRP_Line_716_Male_SAMN22427077,SAMN22427077,RNA-Seq,SINGLE,TRANSCRIPTOMIC,cDNA,Illumina HiSeq 2500,male,adult,DGRP_716,10% EtOH in growth media,Whole fly,SRX12705471,SRR16502623
DGRP_Line_716_Male_SAMN22427078,SAMN22427078,RNA-Seq,SINGLE,TRANSCRIPTOMIC,cDNA,Illumina HiSeq 2500,male,adult,DGRP_716,10% EtOH in growth media,Whole fly,SRX12705472,SRR16502624
DGRP_Line_721_Female_SAMN22427080,SAMN22427080,RNA-Seq,SINGLE,TRANSCRIPTOMIC,cDNA,Illumina HiSeq 2500,female,adult,DGRP_721,10% EtOH in growth media,Whole fly,SRX12705473,SRR16502625
DGRP_Line_721_Female_SAMN22427081,SAMN22427081,RNA-Seq,SINGLE,TRANSCRIPTOMIC,cDNA,Illumina HiSeq 2500,female,adult,DGRP_721,10% EtOH in growth media,Whole fly,SRX12705474,SRR16502626
DGRP_Line_721_Male_SAMN22427083,SAMN22427083,RNA-Seq,SINGLE,TRANSCRIPTOMIC,cDNA,Illumina HiSeq 2500,male,adult,DGRP_721,10% EtOH in growth media,Whole fly,SRX12705475,SRR16502627
DGRP_Line_721_Male_SAMN22427084,SAMN22427084,RNA-Seq,SINGLE,TRANSCRIPTOMIC,cDNA,Illumina HiSeq 2500,male,adult,DGRP_721,10% EtOH in growth media,Whole fly,SRX12705476,SRR16502628
DGRP_Line_727_Female_SAMN22427087,SAMN22427087,RNA-Seq,SINGLE,TRANSCRIPTOMIC,cDNA,Illumina HiSeq 2500,female,adult,DGRP_727,10% EtOH in growth media,Whole fly,SRX12705477,SRR16502629
DGRP_Line_727_Female_SAMN22427088,SAMN22427088,RNA-Seq,SINGLE,TRANSCRIPTOMIC,cDNA,Illumina HiSeq 2500,female,adult,DGRP_727,10% EtOH in growth media,Whole fly,SRX12705478,SRR16502630
DGRP_Line_727_Male_SAMN22427089,SAMN22427089,RNA-Seq,SINGLE,TRANSCRIPTOMIC,cDNA,Illumina HiSeq 2500,male,adult,DGRP_727,10% EtOH in growth media,Whole fly,SRX12705479,SRR16502631
DGRP_Line_727_Male_SAMN22427091,SAMN22427091,RNA-Seq,SINGLE,TRANSCRIPTOMIC,cDNA,Illumina HiSeq 2500,male,adult,DGRP_727,10% EtOH in growth media,Whole fly,SRX12705480,SRR16502632
DGRP_Line_730_Female_SAMN22427093,SAMN22427093,RNA-Seq,SINGLE,TRANSCRIPTOMIC,cDNA,Illumina HiSeq 2500,female,adult,DGRP_730,10% EtOH in growth media,Whole fly,SRX12705481,SRR16502633
DGRP_Line_730_Female_SAMN22427095,SAMN22427095,RNA-Seq,SINGLE,TRANSCRIPTOMIC,cDNA,Illumina HiSeq 2500,female,adult,DGRP_730,10% EtOH in growth media,Whole fly,SRX12705482,SRR16502634
DGRP_Line_730_Male_SAMN22427096,SAMN22427096,RNA-Seq,SINGLE,TRANSCRIPTOMIC,cDNA,Illumina HiSeq 2500,male,adult,DGRP_730,10% EtOH in growth media,Whole fly,SRX12705483,SRR16502635
DGRP_Line_730_Male_SAMN22427098,SAMN22427098,RNA-Seq,SINGLE,TRANSCRIPTOMIC,cDNA,Illumina HiSeq 2500,male,adult,DGRP_730,10% EtOH in growth media,Whole fly,SRX12705484,SRR16502636
DGRP_Line_73_Female_SAMN22427099,SAMN22427099,RNA-Seq,SINGLE,TRANSCRIPTOMIC,cDNA,Illumina HiSeq 2500,female,adult,DGRP_73,10% EtOH in growth media,Whole fly,SRX12705485,SRR16502637
DGRP_Line_73_Female_SAMN22427100,SAMN22427100,RNA-Seq,SINGLE,TRANSCRIPTOMIC,cDNA,Illumina HiSeq 2500,female,adult,DGRP_73,10% EtOH in growth media,Whole fly,SRX12705486,SRR16502638
DGRP_Line_73_Male_SAMN22427149,SAMN22427149,RNA-Seq,SINGLE,TRANSCRIPTOMIC,cDNA,Illumina HiSeq 2500,male,adult,DGRP_73,10% EtOH in growth media,Whole fly,SRX12705487,SRR16502639
DGRP_Line_73_Male_SAMN22427150,SAMN22427150,RNA-Seq,SINGLE,TRANSCRIPTOMIC,cDNA,Illumina HiSeq 2500,male,adult,DGRP_73,10% EtOH in growth media,Whole fly,SRX12705488,SRR16502640
DGRP_Line_748_Female_SAMN22427151,SAMN22427151,RNA-Seq,SINGLE,TRANSCRIPTOMIC,cDNA,Illumina HiSeq 2500,female,adult,DGRP_748,10% EtOH in growth media,Whole fly,SRX12705489,SRR16502641
DGRP_Line_748_Female_SAMN22427152,SAMN22427152,RNA-Seq,SINGLE,TRANSCRIPTOMIC,cDNA,Illumina HiSeq 2500,female,adult,DGRP_748,10% EtOH in growth media,Whole fly,SRX12705490,SRR16502642
DGRP_Line_748_Male_SAMN22427153,SAMN22427153,RNA-Seq,SINGLE,TRANSCRIPTOMIC,cDNA,Illumina HiSeq 2500,male,adult,DGRP_748,10% EtOH in growth media,Whole fly,SRX12705491,SRR16502643
DGRP_Line_748_Male_SAMN22427154,SAMN22427154,RNA-Seq,SINGLE,TRANSCRIPTOMIC,cDNA,Illumina HiSeq 2500,male,adult,DGRP_748,10% EtOH in growth media,Whole fly,SRX12705492,SRR16502644
DGRP_Line_75_Female_SAMN22427157,SAMN22427157,RNA-Seq,SINGLE,TRANSCRIPTOMIC,cDNA,Illumina HiSeq 2500,female,adult,DGRP_75,10% EtOH in growth media,Whole fly,SRX12705493,SRR16502645
DGRP_Line_75_Female_SAMN22427158,SAMN22427158,RNA-Seq,SINGLE,TRANSCRIPTOMIC,cDNA,Illumina HiSeq 2500,female,adult,DGRP_75,10% EtOH in growth media,Whole fly,SRX12705494,SRR16502646
DGRP_Line_75_Male_SAMN22427159,SAMN22427159,RNA-Seq,SINGLE,TRANSCRIPTOMIC,cDNA,Illumina HiSeq 2500,male,adult,DGRP_75,10% EtOH in growth media,Whole fly,SRX12705495,SRR16502647
DGRP_Line_75_Male_SAMN22427155,SAMN22427155,RNA-Seq,SINGLE,TRANSCRIPTOMIC,cDNA,Illumina HiSeq 2500,male,adult,DGRP_75,10% EtOH in growth media,Whole fly,SRX12705496,SRR16502648
DGRP_Line_761_Female_SAMN22427156,SAMN22427156,RNA-Seq,SINGLE,TRANSCRIPTOMIC,cDNA,Illumina HiSeq 2500,female,adult,DGRP_761,10% EtOH in growth media,Whole fly,SRX12705497,SRR16502649
DGRP_Line_761_Female_SAMN22427160,SAMN22427160,RNA-Seq,SINGLE,TRANSCRIPTOMIC,cDNA,Illumina HiSeq 2500,female,adult,DGRP_761,10% EtOH in growth media,Whole fly,SRX12705498,SRR16502650
DGRP_Line_761_Male_SAMN22427161,SAMN22427161,RNA-Seq,SINGLE,TRANSCRIPTOMIC,cDNA,Illumina HiSeq 2500,male,adult,DGRP_761,10% EtOH in growth media,Whole fly,SRX12705499,SRR16502651
DGRP_Line_761_Male_SAMN22427162,SAMN22427162,RNA-Seq,SINGLE,TRANSCRIPTOMIC,cDNA,Illumina HiSeq 2500,male,adult,DGRP_761,10% EtOH in growth media,Whole fly,SRX12705500,SRR16502652
DGRP_Line_765_Female_SAMN22427163,SAMN22427163,RNA-Seq,SINGLE,TRANSCRIPTOMIC,cDNA,Illumina HiSeq 2500,female,adult,DGRP_765,10% EtOH in growth media,Whole fly,SRX12705501,SRR16502653
DGRP_Line_765_Female_SAMN22427164,SAMN22427164,RNA-Seq,SINGLE,TRANSCRIPTOMIC,cDNA,Illumina HiSeq 2500,female,adult,DGRP_765,10% EtOH in growth media,Whole fly,SRX12705502,SRR16502654
DGRP_Line_765_Male_SAMN22427166,SAMN22427166,RNA-Seq,SINGLE,TRANSCRIPTOMIC,cDNA,Illumina HiSeq 2500,male,adult,DGRP_765,10% EtOH in growth media,Whole fly,SRX12705504,SRR16502656
DGRP_Line_783_Female_SAMN22427167,SAMN22427167,RNA-Seq,SINGLE,TRANSCRIPTOMIC,cDNA,Illumina HiSeq 2500,female,adult,DGRP_783,10% EtOH in growth media,Whole fly,SRX12705505,SRR16502657
DGRP_Line_783_Female_SAMN22427168,SAMN22427168,RNA-Seq,SINGLE,TRANSCRIPTOMIC,cDNA,Illumina HiSeq 2500,female,adult,DGRP_783,10% EtOH in growth media,Whole fly,SRX12705506,SRR16502658
DGRP_Line_783_Male_SAMN22427169,SAMN22427169,RNA-Seq,SINGLE,TRANSCRIPTOMIC,cDNA,Illumina HiSeq 2500,male,adult,DGRP_783,10% EtOH in growth media,Whole fly,SRX12705507,SRR16502659
DGRP_Line_783_Male_SAMN22427170,SAMN22427170,RNA-Seq,SINGLE,TRANSCRIPTOMIC,cDNA,Illumina HiSeq 2500,male,adult,DGRP_783,10% EtOH in growth media,Whole fly,SRX12705508,SRR16502660
DGRP_Line_786_Female_SAMN22426949,SAMN22426949,RNA-Seq,SINGLE,TRANSCRIPTOMIC,cDNA,Illumina HiSeq 2500,female,adult,DGRP_786,10% EtOH in growth media,Whole fly,SRX12705509,SRR16502661
DGRP_Line_786_Female_SAMN22426950,SAMN22426950,RNA-Seq,SINGLE,TRANSCRIPTOMIC,cDNA,Illumina HiSeq 2500,female,adult,DGRP_786,10% EtOH in growth media,Whole fly,SRX12705510,SRR16502662
DGRP_Line_786_Male_SAMN22426951,SAMN22426951,RNA-Seq,SINGLE,TRANSCRIPTOMIC,cDNA,Illumina HiSeq 2500,male,adult,DGRP_786,10% EtOH in growth media,Whole fly,SRX12705511,SRR16502663
DGRP_Line_786_Male_SAMN22426952,SAMN22426952,RNA-Seq,SINGLE,TRANSCRIPTOMIC,cDNA,Illumina HiSeq 2500,male,adult,DGRP_786,10% EtOH in growth media,Whole fly,SRX12705512,SRR16502664
DGRP_Line_787_Female_SAMN22426953,SAMN22426953,RNA-Seq,SINGLE,TRANSCRIPTOMIC,cDNA,Illumina HiSeq 2500,female,adult,DGRP_787,10% EtOH in growth media,Whole fly,SRX12705513,SRR16502665
DGRP_Line_787_Female_SAMN22426954,SAMN22426954,RNA-Seq,SINGLE,TRANSCRIPTOMIC,cDNA,Illumina HiSeq 2500,female,adult,DGRP_787,10% EtOH in growth media,Whole fly,SRX12705514,SRR16502666
DGRP_Line_787_Male_SAMN22426955,SAMN22426955,RNA-Seq,SINGLE,TRANSCRIPTOMIC,cDNA,Illumina HiSeq 2500,male,adult,DGRP_787,10% EtOH in growth media,Whole fly,SRX12705515,SRR16502667
DGRP_Line_787_Male_SAMN22426956,SAMN22426956,RNA-Seq,SINGLE,TRANSCRIPTOMIC,cDNA,Illumina HiSeq 2500,male,adult,DGRP_787,10% EtOH in growth media,Whole fly,SRX12705516,SRR16502668
DGRP_Line_790_Female_SAMN22426957,SAMN22426957,RNA-Seq,SINGLE,TRANSCRIPTOMIC,cDNA,Illumina HiSeq 2500,female,adult,DGRP_790,10% EtOH in growth media,Whole fly,SRX12705517,SRR16502669
DGRP_Line_790_Female_SAMN22426958,SAMN22426958,RNA-Seq,SINGLE,TRANSCRIPTOMIC,cDNA,Illumina HiSeq 2500,female,adult,DGRP_790,10% EtOH in growth media,Whole fly,SRX12705518,SRR16502670
DGRP_Line_790_Male_SAMN22426959,SAMN22426959,RNA-Seq,SINGLE,TRANSCRIPTOMIC,cDNA,Illumina HiSeq 2500,male,adult,DGRP_790,10% EtOH in growth media,Whole fly,SRX12705519,SRR16502671
DGRP_Line_790_Male_SAMN22426960,SAMN22426960,RNA-Seq,SINGLE,TRANSCRIPTOMIC,cDNA,Illumina HiSeq 2500,male,adult,DGRP_790,10% EtOH in growth media,Whole fly,SRX12705520,SRR16502672
DGRP_Line_799_Female_SAMN22426961,SAMN22426961,RNA-Seq,SINGLE,TRANSCRIPTOMIC,cDNA,Illumina HiSeq 2500,female,adult,DGRP_799,10% EtOH in growth media,Whole fly,SRX12705521,SRR16502673
DGRP_Line_799_Female_SAMN22426962,SAMN22426962,RNA-Seq,SINGLE,TRANSCRIPTOMIC,cDNA,Illumina HiSeq 2500,female,adult,DGRP_799,10% EtOH in growth media,Whole fly,SRX12705522,SRR16502674
DGRP_Line_799_Male_SAMN22426963,SAMN22426963,RNA-Seq,SINGLE,TRANSCRIPTOMIC,cDNA,Illumina HiSeq 2500,male,adult,DGRP_799,10% EtOH in growth media,Whole fly,SRX12705523,SRR16502675
DGRP_Line_799_Male_SAMN22426964,SAMN22426964,RNA-Seq,SINGLE,TRANSCRIPTOMIC,cDNA,Illumina HiSeq 2500,male,adult,DGRP_799,10% EtOH in growth media,Whole fly,SRX12705524,SRR16502676
DGRP_Line_801_Female_SAMN22426965,SAMN22426965,RNA-Seq,SINGLE,TRANSCRIPTOMIC,cDNA,Illumina HiSeq 2500,female,adult,DGRP_801,10% EtOH in growth media,Whole fly,SRX12705525,SRR16502677
DGRP_Line_801_Female_SAMN22426966,SAMN22426966,RNA-Seq,SINGLE,TRANSCRIPTOMIC,cDNA,Illumina HiSeq 2500,female,adult,DGRP_801,10% EtOH in growth media,Whole fly,SRX12705526,SRR16502678
DGRP_Line_801_Male_SAMN22426967,SAMN22426967,RNA-Seq,SINGLE,TRANSCRIPTOMIC,cDNA,Illumina HiSeq 2500,male,adult,DGRP_801,10% EtOH in growth media,Whole fly,SRX12705527,SRR16502679
DGRP_Line_801_Male_SAMN22426968,SAMN22426968,RNA-Seq,SINGLE,TRANSCRIPTOMIC,cDNA,Illumina HiSeq 2500,male,adult,DGRP_801,10% EtOH in growth media,Whole fly,SRX12705528,SRR16502680
DGRP_Line_804_Female_SAMN22426969,SAMN22426969,RNA-Seq,SINGLE,TRANSCRIPTOMIC,cDNA,Illumina HiSeq 2500,female,adult,DGRP_804,10% EtOH in growth media,Whole fly,SRX12705529,SRR16502681
DGRP_Line_804_Female_SAMN22426970,SAMN22426970,RNA-Seq,SINGLE,TRANSCRIPTOMIC,cDNA,Illumina HiSeq 2500,female,adult,DGRP_804,10% EtOH in growth media,Whole fly,SRX12705530,SRR16502682
DGRP_Line_804_Male_SAMN22426971,SAMN22426971,RNA-Seq,SINGLE,TRANSCRIPTOMIC,cDNA,Illumina HiSeq 2500,male,adult,DGRP_804,10% EtOH in growth media,Whole fly,SRX12705531,SRR16502683
DGRP_Line_804_Male_SAMN22426972,SAMN22426972,RNA-Seq,SINGLE,TRANSCRIPTOMIC,cDNA,Illumina HiSeq 2500,male,adult,DGRP_804,10% EtOH in growth media,Whole fly,SRX12705532,SRR16502684
DGRP_Line_805_Female_SAMN22426973,SAMN22426973,RNA-Seq,SINGLE,TRANSCRIPTOMIC,cDNA,Illumina HiSeq 2500,female,adult,DGRP_805,10% EtOH in growth media,Whole fly,SRX12705533,SRR16502685
DGRP_Line_805_Female_SAMN22426974,SAMN22426974,RNA-Seq,SINGLE,TRANSCRIPTOMIC,cDNA,Illumina HiSeq 2500,female,adult,DGRP_805,10% EtOH in growth media,Whole fly,SRX12705534,SRR16502686
DGRP_Line_805_Male_SAMN22426975,SAMN22426975,RNA-Seq,SINGLE,TRANSCRIPTOMIC,cDNA,Illumina HiSeq 2500,male,adult,DGRP_805,10% EtOH in growth media,Whole fly,SRX12705535,SRR16502687
DGRP_Line_805_Male_SAMN22426976,SAMN22426976,RNA-Seq,SINGLE,TRANSCRIPTOMIC,cDNA,Illumina HiSeq 2500,male,adult,DGRP_805,10% EtOH in growth media,Whole fly,SRX12705536,SRR16502688
DGRP_Line_808_Female_SAMN22426977,SAMN22426977,RNA-Seq,SINGLE,TRANSCRIPTOMIC,cDNA,Illumina HiSeq 2500,female,adult,DGRP_808,10% EtOH in growth media,Whole fly,SRX12705537,SRR16502689
DGRP_Line_808_Female_SAMN22426978,SAMN22426978,RNA-Seq,SINGLE,TRANSCRIPTOMIC,cDNA,Illumina HiSeq 2500,female,adult,DGRP_808,10% EtOH in growth media,Whole fly,SRX12705538,SRR16502690
DGRP_Line_808_Male_SAMN22427171,SAMN22427171,RNA-Seq,SINGLE,TRANSCRIPTOMIC,cDNA,Illumina HiSeq 2500,male,adult,DGRP_808,10% EtOH in growth media,Whole fly,SRX12705539,SRR16502691
DGRP_Line_808_Male_SAMN22427172,SAMN22427172,RNA-Seq,SINGLE,TRANSCRIPTOMIC,cDNA,Illumina HiSeq 2500,male,adult,DGRP_808,10% EtOH in growth media,Whole fly,SRX12705540,SRR16502692
DGRP_Line_820_Female_SAMN22427173,SAMN22427173,RNA-Seq,SINGLE,TRANSCRIPTOMIC,cDNA,Illumina HiSeq 2500,female,adult,DGRP_820,10% EtOH in growth media,Whole fly,SRX12705541,SRR16502693
DGRP_Line_820_Female_SAMN22427174,SAMN22427174,RNA-Seq,SINGLE,TRANSCRIPTOMIC,cDNA,Illumina HiSeq 2500,female,adult,DGRP_820,10% EtOH in growth media,Whole fly,SRX12705542,SRR16502694
DGRP_Line_820_Male_SAMN22427175,SAMN22427175,RNA-Seq,SINGLE,TRANSCRIPTOMIC,cDNA,Illumina HiSeq 2500,male,adult,DGRP_820,10% EtOH in growth media,Whole fly,SRX12705543,SRR16502695
DGRP_Line_820_Male_SAMN22427176,SAMN22427176,RNA-Seq,SINGLE,TRANSCRIPTOMIC,cDNA,Illumina HiSeq 2500,male,adult,DGRP_820,10% EtOH in growth media,Whole fly,SRX12705544,SRR16502696
DGRP_Line_822_Female_SAMN22427177,SAMN22427177,RNA-Seq,SINGLE,TRANSCRIPTOMIC,cDNA,Illumina HiSeq 2500,female,adult,DGRP_822,10% EtOH in growth media,Whole fly,SRX12705545,SRR16502697
DGRP_Line_822_Female_SAMN22427178,SAMN22427178,RNA-Seq,SINGLE,TRANSCRIPTOMIC,cDNA,Illumina HiSeq 2500,female,adult,DGRP_822,10% EtOH in growth media,Whole fly,SRX12705546,SRR16502698
DGRP_Line_822_Male_SAMN22427179,SAMN22427179,RNA-Seq,SINGLE,TRANSCRIPTOMIC,cDNA,Illumina HiSeq 2500,male,adult,DGRP_822,10% EtOH in growth media,Whole fly,SRX12705547,SRR16502699
DGRP_Line_822_Male_SAMN22427180,SAMN22427180,RNA-Seq,SINGLE,TRANSCRIPTOMIC,cDNA,Illumina HiSeq 2500,male,adult,DGRP_822,10% EtOH in growth media,Whole fly,SRX12705548,SRR16502700
DGRP_Line_837_Female_SAMN22427183,SAMN22427183,RNA-Seq,SINGLE,TRANSCRIPTOMIC,cDNA,Illumina HiSeq 2500,female,adult,DGRP_837,10% EtOH in growth media,Whole fly,SRX12705549,SRR16502701
DGRP_Line_837_Female_SAMN22427184,SAMN22427184,RNA-Seq,SINGLE,TRANSCRIPTOMIC,cDNA,Illumina HiSeq 2500,female,adult,DGRP_837,10% EtOH in growth media,Whole fly,SRX12705550,SRR16502702
DGRP_Line_837_Male_SAMN22427185,SAMN22427185,RNA-Seq,SINGLE,TRANSCRIPTOMIC,cDNA,Illumina HiSeq 2500,male,adult,DGRP_837,10% EtOH in growth media,Whole fly,SRX12705551,SRR16502703
DGRP_Line_837_Male_SAMN22427186,SAMN22427186,RNA-Seq,SINGLE,TRANSCRIPTOMIC,cDNA,Illumina HiSeq 2500,male,adult,DGRP_837,10% EtOH in growth media,Whole fly,SRX12705552,SRR16502704
DGRP_Line_83_Female_SAMN22427187,SAMN22427187,RNA-Seq,SINGLE,TRANSCRIPTOMIC,cDNA,Illumina HiSeq 2500,female,adult,DGRP_83,10% EtOH in growth media,Whole fly,SRX12705553,SRR16502705
DGRP_Line_83_Female_SAMN22427188,SAMN22427188,RNA-Seq,SINGLE,TRANSCRIPTOMIC,cDNA,Illumina HiSeq 2500,female,adult,DGRP_83,10% EtOH in growth media,Whole fly,SRX12705554,SRR16502706
DGRP_Line_83_Male_SAMN22427189,SAMN22427189,RNA-Seq,SINGLE,TRANSCRIPTOMIC,cDNA,Illumina HiSeq 2500,male,adult,DGRP_83,10% EtOH in growth media,Whole fly,SRX12705555,SRR16502707
DGRP_Line_83_Male_SAMN22427181,SAMN22427181,RNA-Seq,SINGLE,TRANSCRIPTOMIC,cDNA,Illumina HiSeq 2500,male,adult,DGRP_83,10% EtOH in growth media,Whole fly,SRX12705556,SRR16502708
DGRP_Line_843_Female_SAMN22427182,SAMN22427182,RNA-Seq,SINGLE,TRANSCRIPTOMIC,cDNA,Illumina HiSeq 2500,female,adult,DGRP_843,10% EtOH in growth media,Whole fly,SRX12705557,SRR16502709
DGRP_Line_843_Female_SAMN22427190,SAMN22427190,RNA-Seq,SINGLE,TRANSCRIPTOMIC,cDNA,Illumina HiSeq 2500,female,adult,DGRP_843,10% EtOH in growth media,Whole fly,SRX12705558,SRR16502710
DGRP_Line_843_Male_SAMN22427191,SAMN22427191,RNA-Seq,SINGLE,TRANSCRIPTOMIC,cDNA,Illumina HiSeq 2500,male,adult,DGRP_843,10% EtOH in growth media,Whole fly,SRX12705559,SRR16502711
DGRP_Line_843_Male_SAMN22427192,SAMN22427192,RNA-Seq,SINGLE,TRANSCRIPTOMIC,cDNA,Illumina HiSeq 2500,male,adult,DGRP_843,10% EtOH in growth media,Whole fly,SRX12705560,SRR16502712
DGRP_Line_849_Female_SAMN22427193,SAMN22427193,RNA-Seq,SINGLE,TRANSCRIPTOMIC,cDNA,Illumina HiSeq 2500,female,adult,DGRP_849,10% EtOH in growth media,Whole fly,SRX12705561,SRR16502713
DGRP_Line_849_Female_SAMN22427194,SAMN22427194,RNA-Seq,SINGLE,TRANSCRIPTOMIC,cDNA,Illumina HiSeq 2500,female,adult,DGRP_849,10% EtOH in growth media,Whole fly,SRX12705562,SRR16502714
DGRP_Line_849_Male_SAMN22427195,SAMN22427195,RNA-Seq,SINGLE,TRANSCRIPTOMIC,cDNA,Illumina HiSeq 2500,male,adult,DGRP_849,10% EtOH in growth media,Whole fly,SRX12705563,SRR16502715
DGRP_Line_849_Male_SAMN22427196,SAMN22427196,RNA-Seq,SINGLE,TRANSCRIPTOMIC,cDNA,Illumina HiSeq 2500,male,adult,DGRP_849,10% EtOH in growth media,Whole fly,SRX12705564,SRR16502716
DGRP_Line_850_Female_SAMN22427197,SAMN22427197,RNA-Seq,SINGLE,TRANSCRIPTOMIC,cDNA,Illumina HiSeq 2500,female,adult,DGRP_850,10% EtOH in growth media,Whole fly,SRX12705565,SRR16502717
DGRP_Line_850_Female_SAMN22427232,SAMN22427232,RNA-Seq,SINGLE,TRANSCRIPTOMIC,cDNA,Illumina HiSeq 2500,female,adult,DGRP_850,10% EtOH in growth media,Whole fly,SRX12705566,SRR16502718
DGRP_Line_850_Male_SAMN22427233,SAMN22427233,RNA-Seq,SINGLE,TRANSCRIPTOMIC,cDNA,Illumina HiSeq 2500,male,adult,DGRP_850,10% EtOH in growth media,Whole fly,SRX12705567,SRR16502719
DGRP_Line_850_Male_SAMN22427234,SAMN22427234,RNA-Seq,SINGLE,TRANSCRIPTOMIC,cDNA,Illumina HiSeq 2500,male,adult,DGRP_850,10% EtOH in growth media,Whole fly,SRX12705568,SRR16502720
DGRP_Line_852_Female_SAMN22427235,SAMN22427235,RNA-Seq,SINGLE,TRANSCRIPTOMIC,cDNA,Illumina HiSeq 2500,female,adult,DGRP_852,10% EtOH in growth media,Whole fly,SRX12705569,SRR16502721
DGRP_Line_852_Female_SAMN22427236,SAMN22427236,RNA-Seq,SINGLE,TRANSCRIPTOMIC,cDNA,Illumina HiSeq 2500,female,adult,DGRP_852,10% EtOH in growth media,Whole fly,SRX12705570,SRR16502722
DGRP_Line_852_Male_SAMN22427237,SAMN22427237,RNA-Seq,SINGLE,TRANSCRIPTOMIC,cDNA,Illumina HiSeq 2500,male,adult,DGRP_852,10% EtOH in growth media,Whole fly,SRX12705571,SRR16502723
DGRP_Line_852_Male_SAMN22427238,SAMN22427238,RNA-Seq,SINGLE,TRANSCRIPTOMIC,cDNA,Illumina HiSeq 2500,male,adult,DGRP_852,10% EtOH in growth media,Whole fly,SRX12705572,SRR16502724
DGRP_Line_882_Female_SAMN22427239,SAMN22427239,RNA-Seq,SINGLE,TRANSCRIPTOMIC,cDNA,Illumina HiSeq 2500,female,adult,DGRP_882,10% EtOH in growth media,Whole fly,SRX12705573,SRR16502725
DGRP_Line_882_Female_SAMN22427240,SAMN22427240,RNA-Seq,SINGLE,TRANSCRIPTOMIC,cDNA,Illumina HiSeq 2500,female,adult,DGRP_882,10% EtOH in growth media,Whole fly,SRX12705574,SRR16502726
DGRP_Line_882_Male_SAMN22427241,SAMN22427241,RNA-Seq,SINGLE,TRANSCRIPTOMIC,cDNA,Illumina HiSeq 2500,male,adult,DGRP_882,10% EtOH in growth media,Whole fly,SRX12705575,SRR16502727
DGRP_Line_882_Male_SAMN22427198,SAMN22427198,RNA-Seq,SINGLE,TRANSCRIPTOMIC,cDNA,Illumina HiSeq 2500,male,adult,DGRP_882,10% EtOH in growth media,Whole fly,SRX12705576,SRR16502728
DGRP_Line_890_Female_SAMN22427199,SAMN22427199,RNA-Seq,SINGLE,TRANSCRIPTOMIC,cDNA,Illumina HiSeq 2500,female,adult,DGRP_890,10% EtOH in growth media,Whole fly,SRX12705577,SRR16502729
DGRP_Line_890_Female_SAMN22427200,SAMN22427200,RNA-Seq,SINGLE,TRANSCRIPTOMIC,cDNA,Illumina HiSeq 2500,female,adult,DGRP_890,10% EtOH in growth media,Whole fly,SRX12705578,SRR16502730
DGRP_Line_890_Male_SAMN22427201,SAMN22427201,RNA-Seq,SINGLE,TRANSCRIPTOMIC,cDNA,Illumina HiSeq 2500,male,adult,DGRP_890,10% EtOH in growth media,Whole fly,SRX12705211,SRR16502731
DGRP_Line_890_Male_SAMN22427202,SAMN22427202,RNA-Seq,SINGLE,TRANSCRIPTOMIC,cDNA,Illumina HiSeq 2500,male,adult,DGRP_890,10% EtOH in growth media,Whole fly,SRX12705212,SRR16502732
DGRP_Line_897_Female_SAMN22428083,SAMN22428083,RNA-Seq,SINGLE,TRANSCRIPTOMIC,cDNA,Illumina HiSeq 2500,female,adult,DGRP_897,10% EtOH in growth media,Whole fly,SRX12705213,SRR16502733
DGRP_Line_897_Female_SAMN22428085,SAMN22428085,RNA-Seq,SINGLE,TRANSCRIPTOMIC,cDNA,Illumina HiSeq 2500,female,adult,DGRP_897,10% EtOH in growth media,Whole fly,SRX12705214,SRR16502734
DGRP_Line_897_Male_SAMN22428086,SAMN22428086,RNA-Seq,SINGLE,TRANSCRIPTOMIC,cDNA,Illumina HiSeq 2500,male,adult,DGRP_897,10% EtOH in growth media,Whole fly,SRX12705215,SRR16502735
DGRP_Line_897_Male_SAMN22428088,SAMN22428088,RNA-Seq,SINGLE,TRANSCRIPTOMIC,cDNA,Illumina HiSeq 2500,male,adult,DGRP_897,10% EtOH in growth media,Whole fly,SRX12705216,SRR16502736
DGRP_Line_900_Female_SAMN22428089,SAMN22428089,RNA-Seq,SINGLE,TRANSCRIPTOMIC,cDNA,Illumina HiSeq 2500,female,adult,DGRP_900,10% EtOH in growth media,Whole fly,SRX12705217,SRR16502737
DGRP_Line_900_Female_SAMN22428090,SAMN22428090,RNA-Seq,SINGLE,TRANSCRIPTOMIC,cDNA,Illumina HiSeq 2500,female,adult,DGRP_900,10% EtOH in growth media,Whole fly,SRX12705218,SRR16502738
DGRP_Line_900_Male_SAMN22428091,SAMN22428091,RNA-Seq,SINGLE,TRANSCRIPTOMIC,cDNA,Illumina HiSeq 2500,male,adult,DGRP_900,10% EtOH in growth media,Whole fly,SRX12705219,SRR16502739
DGRP_Line_900_Male_SAMN22428092,SAMN22428092,RNA-Seq,SINGLE,TRANSCRIPTOMIC,cDNA,Illumina HiSeq 2500,male,adult,DGRP_900,10% EtOH in growth media,Whole fly,SRX12705220,SRR16502740
DGRP_Line_911_Female_SAMN22428093,SAMN22428093,RNA-Seq,SINGLE,TRANSCRIPTOMIC,cDNA,Illumina HiSeq 2500,female,adult,DGRP_911,10% EtOH in growth media,Whole fly,SRX12705221,SRR16502741
DGRP_Line_911_Female_SAMN22428094,SAMN22428094,RNA-Seq,SINGLE,TRANSCRIPTOMIC,cDNA,Illumina HiSeq 2500,female,adult,DGRP_911,10% EtOH in growth media,Whole fly,SRX12705222,SRR16502742
DGRP_Line_911_Male_SAMN22428095,SAMN22428095,RNA-Seq,SINGLE,TRANSCRIPTOMIC,cDNA,Illumina HiSeq 2500,male,adult,DGRP_911,10% EtOH in growth media,Whole fly,SRX12705223,SRR16502743
DGRP_Line_911_Male_SAMN22427243,SAMN22427243,RNA-Seq,SINGLE,TRANSCRIPTOMIC,cDNA,Illumina HiSeq 2500,male,adult,DGRP_911,10% EtOH in growth media,Whole fly,SRX12705224,SRR16502744
DGRP_Line_427_Male_SAMN22426985,SAMN22426985,RNA-Seq,SINGLE,TRANSCRIPTOMIC,cDNA,Illumina HiSeq 2500,male,adult,DGRP_427,10% EtOH in growth media,Whole fly,SRX12705387,SRR16502539
DGRP_Line_765_Male_SAMN22427165,SAMN22427165,RNA-Seq,SINGLE,TRANSCRIPTOMIC,cDNA,Illumina HiSeq 2500,male,adult,DGRP_765,10% EtOH in growth media,Whole fly,SRX12705503,SRR16502655
